Year,Month,sum,mean,std
1855,1,5.0,1.0,0.0
1855,2,3.0,1.0,0.0
1855,3,5.0,1.0,0.0
1855,4,3.0,1.0,0.0
1855,5,2.0,1.0,0.0
1855,6,1.0,1.0,
1855,7,5.0,1.0,0.0
1855,8,4.0,1.0,0.0
1855,9,3.0,1.0,0.0
1855,10,4.0,1.0,0.0
1855,11,5.0,1.0,0.0
1855,12,5.0,1.0,0.0
1855,13,3.0,1.0,0.0
1855,14,3.0,1.0,0.0
1855,15,3.0,1.0,0.0
1855,16,3.0,1.0,0.0
1855,17,3.0,1.0,0.0
1855,18,6.0,1.0,0.0
1855,19,5.0,1.0,0.0
1855,20,2.0,1.0,0.0
1855,21,3.0,1.0,0.0
1855,22,3.0,1.0,0.0
1855,23,1.0,1.0,
1855,24,3.0,1.0,0.0
1855,25,6.0,1.0,0.0
1855,26,6.0,1.0,0.0
1855,27,4.0,1.0,0.0
1855,28,4.0,1.0,0.0
1855,29,4.0,1.0,0.0
1855,30,2.0,1.0,0.0
1855,31,2.0,1.0,0.0
1856,1,1.0,1.0,
1856,2,3.0,1.0,0.0
1856,3,3.0,1.0,0.0
1856,4,7.0,1.0,0.0
1856,5,5.0,1.0,0.0
1856,6,5.0,1.0,0.0
1856,7,8.0,1.0,0.0
1856,8,4.0,1.0,0.0
1856,9,5.0,1.0,0.0
1856,10,3.0,1.0,0.0
1856,11,8.0,1.0,0.0
1856,12,6.0,1.0,0.0
1856,13,2.0,1.0,0.0
1856,14,6.0,1.0,0.0
1856,15,5.0,1.0,0.0
1856,16,3.0,1.0,0.0
1856,17,5.0,1.0,0.0
1856,18,6.0,1.0,0.0
1856,19,5.0,1.0,0.0
1856,20,3.0,1.0,0.0
1856,21,4.0,1.0,0.0
1856,22,5.0,1.0,0.0
1856,23,4.0,1.0,0.0
1856,24,4.0,1.0,0.0
1856,25,3.0,1.0,0.0
1856,26,3.0,1.0,0.0
1856,27,6.0,1.0,0.0
1856,28,4.0,1.0,0.0
1856,29,5.0,1.0,0.0
1856,30,1.0,1.0,
1856,31,3.0,1.0,0.0
1857,1,8.0,1.0,0.0
1857,2,6.0,1.0,0.0
1857,3,5.0,1.0,0.0
1857,4,5.0,1.0,0.0
1857,5,4.0,1.0,0.0
1857,6,4.0,1.0,0.0
1857,7,3.0,1.0,0.0
1857,8,5.0,1.0,0.0
1857,9,4.0,1.0,0.0
1857,10,3.0,1.0,0.0
1857,11,7.0,1.0,0.0
1857,12,6.0,1.0,0.0
1857,13,5.0,1.0,0.0
1857,14,3.0,1.0,0.0
1857,15,4.0,1.0,0.0
1857,16,3.0,1.0,0.0
1857,17,7.0,1.0,0.0
1857,18,3.0,1.0,0.0
1857,19,3.0,1.0,0.0
1857,20,4.0,1.0,0.0
1857,21,4.0,1.0,0.0
1857,22,6.0,1.0,0.0
1857,23,7.0,1.0,0.0
1857,24,8.0,1.0,0.0
1857,25,4.0,1.0,0.0
1857,26,4.0,1.0,0.0
1857,27,3.0,1.0,0.0
1857,28,4.0,1.0,0.0
1857,29,4.0,1.0,0.0
1857,30,4.0,1.0,0.0
1857,31,2.0,1.0,0.0
1858,1,1.0,1.0,
1858,2,4.0,1.0,0.0
1858,3,5.0,1.0,0.0
1858,4,4.0,1.0,0.0
1858,5,3.0,1.0,0.0
1858,6,6.0,1.0,0.0
1858,7,7.0,1.0,0.0
1858,8,6.0,1.0,0.0
1858,9,5.0,1.0,0.0
1858,10,5.0,1.0,0.0
1858,11,6.0,1.0,0.0
1858,12,8.0,1.0,0.0
1858,13,6.0,1.0,0.0
1858,14,3.0,1.0,0.0
1858,15,3.0,1.0,0.0
1858,16,6.0,1.0,0.0
1858,17,6.0,1.0,0.0
1858,18,4.0,1.0,0.0
1858,19,6.0,1.0,0.0
1858,20,7.0,1.0,0.0
1858,21,6.0,1.0,0.0
1858,22,6.0,1.0,0.0
1858,23,6.0,1.0,0.0
1858,24,7.0,1.0,0.0
1858,25,5.0,1.0,0.0
1858,26,2.0,1.0,0.0
1858,27,6.0,1.0,0.0
1858,28,7.0,1.0,0.0
1858,29,6.0,1.0,0.0
1858,30,5.0,1.0,0.0
1858,31,1.0,1.0,
1859,1,4.0,1.0,0.0
1859,2,3.0,1.0,0.0
1859,3,5.0,1.0,0.0
1859,4,0.0,,
1859,5,5.0,1.0,0.0
1859,6,4.0,1.0,0.0
1859,7,3.0,1.0,0.0
1859,8,8.0,1.0,0.0
1859,9,5.0,1.0,0.0
1859,10,7.0,1.0,0.0
1859,11,7.0,1.0,0.0
1859,12,8.0,1.0,0.0
1859,13,8.0,1.0,0.0
1859,14,5.0,1.0,0.0
1859,15,5.0,1.0,0.0
1859,16,6.0,1.0,0.0
1859,17,7.0,1.0,0.0
1859,18,5.0,1.0,0.0
1859,19,3.0,1.0,0.0
1859,20,5.0,1.0,0.0
1859,21,3.0,1.0,0.0
1859,22,4.0,1.0,0.0
1859,23,6.0,1.0,0.0
1859,24,5.0,1.0,0.0
1859,25,3.0,1.0,0.0
1859,26,4.0,1.0,0.0
1859,27,8.0,1.0,0.0
1859,28,6.0,1.0,0.0
1859,29,5.0,1.0,0.0
1859,30,5.0,1.0,0.0
1859,31,1.0,1.0,
1860,1,4.0,1.0,0.0
1860,2,4.0,1.0,0.0
1860,3,5.0,1.0,0.0
1860,4,4.0,1.0,0.0
1860,5,5.0,1.0,0.0
1860,6,5.0,1.0,0.0
1860,7,5.0,1.0,0.0
1860,8,3.0,1.0,0.0
1860,9,7.0,1.0,0.0
1860,10,4.0,1.0,0.0
1860,11,5.0,1.0,0.0
1860,12,5.0,1.0,0.0
1860,13,3.0,1.0,0.0
1860,14,4.0,1.0,0.0
1860,15,6.0,1.0,0.0
1860,16,6.0,1.0,0.0
1860,17,4.0,1.0,0.0
1860,18,4.0,1.0,0.0
1860,19,4.0,1.0,0.0
1860,20,5.0,1.0,0.0
1860,21,5.0,1.0,0.0
1860,22,4.0,1.0,0.0
1860,23,5.0,1.0,0.0
1860,24,7.0,1.0,0.0
1860,25,6.0,1.0,0.0
1860,26,6.0,1.0,0.0
1860,27,7.0,1.0,0.0
1860,28,4.0,1.0,0.0
1860,29,3.0,1.0,0.0
1860,30,4.0,1.0,0.0
1860,31,3.0,1.0,0.0
1861,1,8.0,1.0,0.0
1861,2,9.0,1.0,0.0
1861,3,6.0,1.0,0.0
1861,4,7.0,1.0,0.0
1861,5,4.0,1.0,0.0
1861,6,4.0,1.0,0.0
1861,7,4.0,1.0,0.0
1861,8,4.0,1.0,0.0
1861,9,4.0,1.0,0.0
1861,10,3.0,1.0,0.0
1861,11,5.0,1.0,0.0
1861,12,10.0,1.0,0.0
1861,13,7.0,1.0,0.0
1861,14,4.0,1.0,0.0
1861,15,7.0,1.0,0.0
1861,16,5.0,1.0,0.0
1861,17,7.0,1.0,0.0
1861,18,5.0,1.0,0.0
1861,19,6.0,1.0,0.0
1861,20,6.0,1.0,0.0
1861,21,6.0,1.0,0.0
1861,22,6.0,1.0,0.0
1861,23,8.0,1.0,0.0
1861,24,5.0,1.0,0.0
1861,25,6.0,1.0,0.0
1861,26,2.0,1.0,0.0
1861,27,2.0,1.0,0.0
1861,28,4.0,1.0,0.0
1861,29,2.0,1.0,0.0
1861,30,5.0,1.0,0.0
1861,31,5.0,1.0,0.0
1862,1,6.0,1.0,0.0
1862,2,4.0,1.0,0.0
1862,3,1.0,1.0,
1862,4,4.0,1.0,0.0
1862,5,3.0,1.0,0.0
1862,6,5.0,1.0,0.0
1862,7,5.0,1.0,0.0
1862,8,7.0,1.0,0.0
1862,9,9.0,1.0,0.0
1862,10,4.0,1.0,0.0
1862,11,4.0,1.0,0.0
1862,12,7.0,1.0,0.0
1862,13,5.0,1.0,0.0
1862,14,5.0,1.0,0.0
1862,15,6.0,1.0,0.0
1862,16,6.0,1.0,0.0
1862,17,5.0,1.0,0.0
1862,18,5.0,1.0,0.0
1862,19,6.0,1.0,0.0
1862,20,3.0,1.0,0.0
1862,21,7.0,1.0,0.0
1862,22,5.0,1.0,0.0
1862,23,5.0,1.0,0.0
1862,24,4.0,1.0,0.0
1862,25,3.0,1.0,0.0
1862,26,3.0,1.0,0.0
1862,27,5.0,1.0,0.0
1862,28,3.0,1.0,0.0
1862,29,4.0,1.0,0.0
1862,30,3.0,1.0,0.0
1862,31,2.0,1.0,0.0
1863,1,5.0,1.0,0.0
1863,2,6.0,1.0,0.0
1863,3,7.0,1.0,0.0
1863,4,5.0,1.0,0.0
1863,5,7.0,1.0,0.0
1863,6,6.0,1.0,0.0
1863,7,7.0,1.0,0.0
1863,8,5.0,1.0,0.0
1863,9,5.0,1.0,0.0
1863,10,6.0,1.0,0.0
1863,11,3.0,1.0,0.0
1863,12,2.0,1.0,0.0
1863,13,2.0,1.0,0.0
1863,14,6.0,1.0,0.0
1863,15,6.0,1.0,0.0
1863,16,7.0,1.0,0.0
1863,17,7.0,1.0,0.0
1863,18,8.0,1.0,0.0
1863,19,5.0,1.0,0.0
1863,20,4.0,1.0,0.0
1863,21,4.0,1.0,0.0
1863,22,4.0,1.0,0.0
1863,23,8.0,1.0,0.0
1863,24,7.0,1.0,0.0
1863,25,7.0,1.0,0.0
1863,26,5.0,1.0,0.0
1863,27,8.0,1.0,0.0
1863,28,6.0,1.0,0.0
1863,29,2.0,1.0,0.0
1863,30,2.0,1.0,0.0
1863,31,3.0,1.0,0.0
1864,1,4.0,1.0,0.0
1864,2,6.0,1.0,0.0
1864,3,4.0,1.0,0.0
1864,4,4.0,1.0,0.0
1864,5,6.0,1.0,0.0
1864,6,6.0,1.0,0.0
1864,7,5.0,1.0,0.0
1864,8,5.0,1.0,0.0
1864,9,4.0,1.0,0.0
1864,10,5.0,1.0,0.0
1864,11,5.0,1.0,0.0
1864,12,5.0,1.0,0.0
1864,13,5.0,1.0,0.0
1864,14,4.0,1.0,0.0
1864,15,6.0,1.0,0.0
1864,16,7.0,1.0,0.0
1864,17,4.0,1.0,0.0
1864,18,5.0,1.0,0.0
1864,19,6.0,1.0,0.0
1864,20,4.0,1.0,0.0
1864,21,5.0,1.0,0.0
1864,22,5.0,1.0,0.0
1864,23,4.0,1.0,0.0
1864,24,4.0,1.0,0.0
1864,25,6.0,1.0,0.0
1864,26,4.0,1.0,0.0
1864,27,6.0,1.0,0.0
1864,28,7.0,1.0,0.0
1864,29,5.0,1.0,0.0
1864,30,5.0,1.0,0.0
1864,31,1.0,1.0,
1865,1,4.0,1.0,0.0
1865,2,5.0,1.0,0.0
1865,3,6.0,1.0,0.0
1865,4,6.0,1.0,0.0
1865,5,4.0,1.0,0.0
1865,6,3.0,1.0,0.0
1865,7,3.0,1.0,0.0
1865,8,2.0,1.0,0.0
1865,9,5.0,1.0,0.0
1865,10,4.0,1.0,0.0
1865,11,4.0,1.0,0.0
1865,12,6.0,1.0,0.0
1865,13,5.0,1.0,0.0
1865,14,5.0,1.0,0.0
1865,15,5.0,1.0,0.0
1865,16,5.0,1.0,0.0
1865,17,8.0,1.0,0.0
1865,18,4.0,1.0,0.0
1865,19,5.0,1.0,0.0
1865,20,3.0,1.0,0.0
1865,21,0.0,,
1865,22,3.0,1.0,0.0
1865,23,7.0,1.0,0.0
1865,24,6.0,1.0,0.0
1865,25,3.0,1.0,0.0
1865,26,2.0,1.0,0.0
1865,27,5.0,1.0,0.0
1865,28,6.0,1.0,0.0
1865,29,6.0,1.0,0.0
1865,30,5.0,1.0,0.0
1865,31,4.0,1.0,0.0
1866,1,4.0,1.0,0.0
1866,2,0.0,,
1866,3,5.0,1.0,0.0
1866,4,4.0,1.0,0.0
1866,5,4.0,1.0,0.0
1866,6,2.0,1.0,0.0
1866,7,4.0,1.0,0.0
1866,8,5.0,1.0,0.0
1866,9,5.0,1.0,0.0
1866,10,4.0,1.0,0.0
1866,11,2.0,1.0,0.0
1866,12,6.0,1.0,0.0
1866,13,3.0,1.0,0.0
1866,14,5.0,1.0,0.0
1866,15,5.0,1.0,0.0
1866,16,3.0,1.0,0.0
1866,17,8.0,1.0,0.0
1866,18,8.0,1.0,0.0
1866,19,6.0,1.0,0.0
1866,20,4.0,1.0,0.0
1866,21,4.0,1.0,0.0
1866,22,3.0,1.0,0.0
1866,23,5.0,1.0,0.0
1866,24,7.0,1.0,0.0
1866,25,4.0,1.0,0.0
1866,26,5.0,1.0,0.0
1866,27,7.0,1.0,0.0
1866,28,4.0,1.0,0.0
1866,29,4.0,1.0,0.0
1866,30,3.0,1.0,0.0
1866,31,2.0,1.0,0.0
1867,1,3.0,1.0,0.0
1867,2,4.0,1.0,0.0
1867,3,5.0,1.0,0.0
1867,4,3.0,1.0,0.0
1867,5,6.0,1.0,0.0
1867,6,4.0,1.0,0.0
1867,7,6.0,1.0,0.0
1867,8,5.0,1.0,0.0
1867,9,5.0,1.0,0.0
1867,10,3.0,1.0,0.0
1867,11,3.0,1.0,0.0
1867,12,5.0,1.0,0.0
1867,13,5.0,1.0,0.0
1867,14,4.0,1.0,0.0
1867,15,7.0,1.0,0.0
1867,16,10.0,1.0,0.0
1867,17,7.0,1.0,0.0
1867,18,8.0,1.0,0.0
1867,19,7.0,1.0,0.0
1867,20,5.0,1.0,0.0
1867,21,6.0,1.0,0.0
1867,22,6.0,1.0,0.0
1867,23,5.0,1.0,0.0
1867,24,4.0,1.0,0.0
1867,25,3.0,1.0,0.0
1867,26,5.0,1.0,0.0
1867,27,6.0,1.0,0.0
1867,28,8.0,1.0,0.0
1867,29,8.0,1.0,0.0
1867,30,4.0,1.0,0.0
1867,31,2.0,1.0,0.0
1868,1,4.0,1.0,0.0
1868,2,4.0,1.0,0.0
1868,3,4.0,1.0,0.0
1868,4,6.0,1.0,0.0
1868,5,1.0,1.0,
1868,6,0.0,,
1868,7,4.0,1.0,0.0
1868,8,8.0,1.0,0.0
1868,9,4.0,1.0,0.0
1868,10,4.0,1.0,0.0
1868,11,5.0,1.0,0.0
1868,12,7.0,1.0,0.0
1868,13,9.0,1.0,0.0
1868,14,2.0,1.0,0.0
1868,15,4.0,1.0,0.0
1868,16,2.0,1.0,0.0
1868,17,6.0,1.0,0.0
1868,18,9.0,1.0,0.0
1868,19,7.0,1.0,0.0
1868,20,4.0,1.0,0.0
1868,21,5.0,1.0,0.0
1868,22,6.0,1.0,0.0
1868,23,5.0,1.0,0.0
1868,24,4.0,1.0,0.0
1868,25,2.0,1.0,0.0
1868,26,1.0,1.0,
1868,27,0.0,,
1868,28,3.0,1.0,0.0
1868,29,6.0,1.0,0.0
1868,30,6.0,1.0,0.0
1868,31,2.0,1.0,0.0
1869,1,8.0,1.0,0.0
1869,2,5.0,1.0,0.0
1869,3,1.0,1.0,
1869,4,2.0,1.0,0.0
1869,5,8.0,1.0,0.0
1869,6,8.0,1.0,0.0
1869,7,4.0,1.0,0.0
1869,8,5.0,1.0,0.0
1869,9,8.0,1.0,0.0
1869,10,9.0,1.0,0.0
1869,11,5.0,1.0,0.0
1869,12,4.0,1.0,0.0
1869,13,4.0,1.0,0.0
1869,14,2.0,1.0,0.0
1869,15,1.0,1.0,
1869,16,4.0,1.0,0.0
1869,17,7.0,1.0,0.0
1869,18,6.0,1.0,0.0
1869,19,4.0,1.0,0.0
1869,20,3.0,1.0,0.0
1869,21,7.0,1.0,0.0
1869,22,6.0,1.0,0.0
1869,23,7.0,1.0,0.0
1869,24,6.0,1.0,0.0
1869,25,9.0,1.0,0.0
1869,26,7.0,1.0,0.0
1869,27,4.0,1.0,0.0
1869,28,7.0,1.0,0.0
1869,29,6.0,1.0,0.0
1869,30,6.0,1.0,0.0
1869,31,5.0,1.0,0.0
1870,1,5.0,1.0,0.0
1870,2,4.0,1.0,0.0
1870,3,6.0,1.0,0.0
1870,4,5.0,1.0,0.0
1870,5,5.0,1.0,0.0
1870,6,4.0,1.0,0.0
1870,7,7.0,1.0,0.0
1870,8,6.0,1.0,0.0
1870,9,5.0,1.0,0.0
1870,10,5.0,1.0,0.0
1870,11,3.0,1.0,0.0
1870,12,5.0,1.0,0.0
1870,13,5.0,1.0,0.0
1870,14,6.0,1.0,0.0
1870,15,4.0,1.0,0.0
1870,16,5.0,1.0,0.0
1870,17,6.0,1.0,0.0
1870,18,5.0,1.0,0.0
1870,19,4.0,1.0,0.0
1870,20,6.0,1.0,0.0
1870,21,3.0,1.0,0.0
1870,22,6.0,1.0,0.0
1870,23,5.0,1.0,0.0
1870,24,4.0,1.0,0.0
1870,25,5.0,1.0,0.0
1870,26,4.0,1.0,0.0
1870,27,6.0,1.0,0.0
1870,28,6.0,1.0,0.0
1870,29,5.0,1.0,0.0
1870,30,4.0,1.0,0.0
1870,31,3.0,1.0,0.0
1871,1,5.0,1.0,0.0
1871,2,4.0,1.0,0.0
1871,3,3.0,1.0,0.0
1871,4,3.0,1.0,0.0
1871,5,3.0,1.0,0.0
1871,6,2.0,1.0,0.0
1871,7,5.0,1.0,0.0
1871,8,7.0,1.0,0.0
1871,9,6.0,1.0,0.0
1871,10,6.0,1.0,0.0
1871,11,6.0,1.0,0.0
1871,12,5.0,1.0,0.0
1871,13,4.0,1.0,0.0
1871,14,7.0,1.0,0.0
1871,15,9.0,1.0,0.0
1871,16,3.0,1.0,0.0
1871,17,4.0,1.0,0.0
1871,18,3.0,1.0,0.0
1871,19,5.0,1.0,0.0
1871,20,5.0,1.0,0.0
1871,21,4.0,1.0,0.0
1871,22,3.0,1.0,0.0
1871,23,3.0,1.0,0.0
1871,24,8.0,1.0,0.0
1871,25,6.0,1.0,0.0
1871,26,7.0,1.0,0.0
1871,27,7.0,1.0,0.0
1871,28,5.0,1.0,0.0
1871,29,7.0,1.0,0.0
1871,30,5.0,1.0,0.0
1871,31,4.0,1.0,0.0
1872,1,4.0,1.0,0.0
1872,2,5.0,1.0,0.0
1872,3,4.0,1.0,0.0
1872,4,4.0,1.0,0.0
1872,5,6.0,1.0,0.0
1872,6,7.0,1.0,0.0
1872,7,4.0,1.0,0.0
1872,8,4.0,1.0,0.0
1872,9,5.0,1.0,0.0
1872,10,4.0,1.0,0.0
1872,11,4.0,1.0,0.0
1872,12,8.0,1.0,0.0
1872,13,7.0,1.0,0.0
1872,14,5.0,1.0,0.0
1872,15,6.0,1.0,0.0
1872,16,6.0,1.0,0.0
1872,17,5.0,1.0,0.0
1872,18,4.0,1.0,0.0
1872,19,8.0,1.0,0.0
1872,20,7.0,1.0,0.0
1872,21,9.0,1.0,0.0
1872,22,7.0,1.0,0.0
1872,23,6.0,1.0,0.0
1872,24,8.0,1.0,0.0
1872,25,7.0,1.0,0.0
1872,26,7.0,1.0,0.0
1872,27,7.0,1.0,0.0
1872,28,4.0,1.0,0.0
1872,29,6.0,1.0,0.0
1872,30,8.0,1.0,0.0
1872,31,3.0,1.0,0.0
1873,1,4.0,1.0,0.0
1873,2,5.0,1.0,0.0
1873,3,2.0,1.0,0.0
1873,4,6.0,1.0,0.0
1873,5,7.0,1.0,0.0
1873,6,7.0,1.0,0.0
1873,7,6.0,1.0,0.0
1873,8,5.0,1.0,0.0
1873,9,4.0,1.0,0.0
1873,10,4.0,1.0,0.0
1873,11,5.0,1.0,0.0
1873,12,4.0,1.0,0.0
1873,13,9.0,1.0,0.0
1873,14,7.0,1.0,0.0
1873,15,3.0,1.0,0.0
1873,16,4.0,1.0,0.0
1873,17,6.0,1.0,0.0
1873,18,6.0,1.0,0.0
1873,19,7.0,1.0,0.0
1873,20,5.0,1.0,0.0
1873,21,6.0,1.0,0.0
1873,22,7.0,1.0,0.0
1873,23,7.0,1.0,0.0
1873,24,4.0,1.0,0.0
1873,25,5.0,1.0,0.0
1873,26,5.0,1.0,0.0
1873,27,3.0,1.0,0.0
1873,28,7.0,1.0,0.0
1873,29,7.0,1.0,0.0
1873,30,4.0,1.0,0.0
1873,31,5.0,1.0,0.0
1874,1,7.0,1.0,0.0
1874,2,4.0,1.0,0.0
1874,3,3.0,1.0,0.0
1874,4,2.0,1.0,0.0
1874,5,5.0,1.0,0.0
1874,6,4.0,1.0,0.0
1874,7,7.0,1.0,0.0
1874,8,5.0,1.0,0.0
1874,9,6.0,1.0,0.0
1874,10,4.0,1.0,0.0
1874,11,1.0,1.0,
1874,12,3.0,1.0,0.0
1874,13,6.0,1.0,0.0
1874,14,6.0,1.0,0.0
1874,15,5.0,1.0,0.0
1874,16,3.0,1.0,0.0
1874,17,4.0,1.0,0.0
1874,18,9.0,1.0,0.0
1874,19,6.0,1.0,0.0
1874,20,5.0,1.0,0.0
1874,21,5.0,1.0,0.0
1874,22,4.0,1.0,0.0
1874,23,8.0,1.0,0.0
1874,24,9.0,1.0,0.0
1874,25,6.0,1.0,0.0
1874,26,5.0,1.0,0.0
1874,27,5.0,1.0,0.0
1874,28,5.0,1.0,0.0
1874,29,6.0,1.0,0.0
1874,30,2.0,1.0,0.0
1874,31,4.0,1.0,0.0
1875,1,6.0,1.0,0.0
1875,2,6.0,1.0,0.0
1875,3,8.0,1.0,0.0
1875,4,6.0,1.0,0.0
1875,5,7.0,1.0,0.0
1875,6,6.0,1.0,0.0
1875,7,5.0,1.0,0.0
1875,8,6.0,1.0,0.0
1875,9,5.0,1.0,0.0
1875,10,6.0,1.0,0.0
1875,11,7.0,1.0,0.0
1875,12,4.0,1.0,0.0
1875,13,6.0,1.0,0.0
1875,14,5.0,1.0,0.0
1875,15,5.0,1.0,0.0
1875,16,8.0,1.0,0.0
1875,17,6.0,1.0,0.0
1875,18,4.0,1.0,0.0
1875,19,3.0,1.0,0.0
1875,20,5.0,1.0,0.0
1875,21,6.0,1.0,0.0
1875,22,7.0,1.0,0.0
1875,23,7.0,1.0,0.0
1875,24,4.0,1.0,0.0
1875,25,6.0,1.0,0.0
1875,26,7.0,1.0,0.0
1875,27,7.0,1.0,0.0
1875,28,6.0,1.0,0.0
1875,29,5.0,1.0,0.0
1875,30,6.0,1.0,0.0
1875,31,4.0,1.0,0.0
1876,1,8.0,1.0,0.0
1876,2,6.0,1.0,0.0
1876,3,4.0,1.0,0.0
1876,4,3.0,1.0,0.0
1876,5,6.0,1.0,0.0
1876,6,2.0,1.0,0.0
1876,7,5.0,1.0,0.0
1876,8,5.0,1.0,0.0
1876,9,5.0,1.0,0.0
1876,10,7.0,1.0,0.0
1876,11,4.0,1.0,0.0
1876,12,3.0,1.0,0.0
1876,13,4.0,1.0,0.0
1876,14,3.0,1.0,0.0
1876,15,3.0,1.0,0.0
1876,16,9.0,1.0,0.0
1876,17,7.0,1.0,0.0
1876,18,7.0,1.0,0.0
1876,19,6.0,1.0,0.0
1876,20,4.0,1.0,0.0
1876,21,7.0,1.0,0.0
1876,22,7.0,1.0,0.0
1876,23,6.0,1.0,0.0
1876,24,3.0,1.0,0.0
1876,25,5.0,1.0,0.0
1876,26,7.0,1.0,0.0
1876,27,7.0,1.0,0.0
1876,28,4.0,1.0,0.0
1876,29,4.0,1.0,0.0
1876,30,5.0,1.0,0.0
1876,31,4.0,1.0,0.0
1877,1,6.0,1.0,0.0
1877,2,4.0,1.0,0.0
1877,3,4.0,1.0,0.0
1877,4,2.0,1.0,0.0
1877,5,5.0,1.0,0.0
1877,6,5.0,1.0,0.0
1877,7,4.0,1.0,0.0
1877,8,2.0,1.0,0.0
1877,9,3.0,1.0,0.0
1877,10,5.0,1.0,0.0
1877,11,6.0,1.0,0.0
1877,12,3.0,1.0,0.0
1877,13,3.0,1.0,0.0
1877,14,6.0,1.0,0.0
1877,15,4.0,1.0,0.0
1877,16,6.0,1.0,0.0
1877,17,4.0,1.0,0.0
1877,18,7.0,1.0,0.0
1877,19,6.0,1.0,0.0
1877,20,4.0,1.0,0.0
1877,21,6.0,1.0,0.0
1877,22,6.0,1.0,0.0
1877,23,6.0,1.0,0.0
1877,24,4.0,1.0,0.0
1877,25,4.0,1.0,0.0
1877,26,4.0,1.0,0.0
1877,27,5.0,1.0,0.0
1877,28,4.0,1.0,0.0
1877,29,2.0,1.0,0.0
1877,30,5.0,1.0,0.0
1877,31,3.0,1.0,0.0
1878,1,2.0,1.0,0.0
1878,2,4.0,1.0,0.0
1878,3,5.0,1.0,0.0
1878,4,7.0,1.0,0.0
1878,5,4.0,1.0,0.0
1878,6,2.0,1.0,0.0
1878,7,5.0,1.0,0.0
1878,8,3.0,1.0,0.0
1878,9,2.0,1.0,0.0
1878,10,5.0,1.0,0.0
1878,11,4.0,1.0,0.0
1878,12,6.0,1.0,0.0
1878,13,5.0,1.0,0.0
1878,14,5.0,1.0,0.0
1878,15,6.0,1.0,0.0
1878,16,7.0,1.0,0.0
1878,17,5.0,1.0,0.0
1878,18,4.0,1.0,0.0
1878,19,6.0,1.0,0.0
1878,20,3.0,1.0,0.0
1878,21,4.0,1.0,0.0
1878,22,3.0,1.0,0.0
1878,23,3.0,1.0,0.0
1878,24,4.0,1.0,0.0
1878,25,2.0,1.0,0.0
1878,26,6.0,1.0,0.0
1878,27,5.0,1.0,0.0
1878,28,6.0,1.0,0.0
1878,29,4.0,1.0,0.0
1878,30,5.0,1.0,0.0
1878,31,1.0,1.0,
1879,1,5.0,1.0,0.0
1879,2,7.0,1.0,0.0
1879,3,6.0,1.0,0.0
1879,4,2.0,1.0,0.0
1879,5,2.0,1.0,0.0
1879,6,3.0,1.0,0.0
1879,7,5.0,1.0,0.0
1879,8,6.0,1.0,0.0
1879,9,4.0,1.0,0.0
1879,10,3.0,1.0,0.0
1879,11,6.0,1.0,0.0
1879,12,8.0,1.0,0.0
1879,13,7.0,1.0,0.0
1879,14,6.0,1.0,0.0
1879,15,5.0,1.0,0.0
1879,16,1.0,1.0,
1879,17,4.0,1.0,0.0
1879,18,6.0,1.0,0.0
1879,19,8.0,1.0,0.0
1879,20,7.0,1.0,0.0
1879,21,2.0,1.0,0.0
1879,22,5.0,1.0,0.0
1879,23,6.0,1.0,0.0
1879,24,6.0,1.0,0.0
1879,25,2.0,1.0,0.0
1879,26,4.0,1.0,0.0
1879,27,6.0,1.0,0.0
1879,28,4.0,1.0,0.0
1879,29,7.0,1.0,0.0
1879,30,2.0,1.0,0.0
1879,31,2.0,1.0,0.0
1880,1,5.0,1.0,0.0
1880,2,4.0,1.0,0.0
1880,3,6.0,1.0,0.0
1880,4,6.0,1.0,0.0
1880,5,8.0,1.0,0.0
1880,6,4.0,1.0,0.0
1880,7,5.0,1.0,0.0
1880,8,7.0,1.0,0.0
1880,9,7.0,1.0,0.0
1880,10,7.0,1.0,0.0
1880,11,6.0,1.0,0.0
1880,12,4.0,1.0,0.0
1880,13,4.0,1.0,0.0
1880,14,2.0,1.0,0.0
1880,15,4.0,1.0,0.0
1880,16,4.0,1.0,0.0
1880,17,5.0,1.0,0.0
1880,18,4.0,1.0,0.0
1880,19,4.0,1.0,0.0
1880,20,6.0,1.0,0.0
1880,21,6.0,1.0,0.0
1880,22,6.0,1.0,0.0
1880,23,4.0,1.0,0.0
1880,24,7.0,1.0,0.0
1880,25,8.0,1.0,0.0
1880,26,6.0,1.0,0.0
1880,27,6.0,1.0,0.0
1880,28,6.0,1.0,0.0
1880,29,4.0,1.0,0.0
1880,30,3.0,1.0,0.0
1880,31,3.0,1.0,0.0
1881,1,5.0,1.0,0.0
1881,2,4.0,1.0,0.0
1881,3,7.0,1.0,0.0
1881,4,9.0,1.0,0.0
1881,5,6.0,1.0,0.0
1881,6,5.0,1.0,0.0
1881,7,4.0,1.0,0.0
1881,8,5.0,1.0,0.0
1881,9,7.0,1.0,0.0
1881,10,5.0,1.0,0.0
1881,11,4.0,1.0,0.0
1881,12,5.0,1.0,0.0
1881,13,3.0,1.0,0.0
1881,14,4.0,1.0,0.0
1881,15,3.0,1.0,0.0
1881,16,4.0,1.0,0.0
1881,17,6.0,1.0,0.0
1881,18,7.0,1.0,0.0
1881,19,6.0,1.0,0.0
1881,20,5.0,1.0,0.0
1881,21,6.0,1.0,0.0
1881,22,3.0,1.0,0.0
1881,23,4.0,1.0,0.0
1881,24,5.0,1.0,0.0
1881,25,5.0,1.0,0.0
1881,26,3.0,1.0,0.0
1881,27,3.0,1.0,0.0
1881,28,5.0,1.0,0.0
1881,29,4.0,1.0,0.0
1881,30,3.0,1.0,0.0
1881,31,3.0,1.0,0.0
1882,1,4.0,1.0,0.0
1882,2,8.0,1.0,0.0
1882,3,6.0,1.0,0.0
1882,4,4.0,1.0,0.0
1882,5,7.0,1.0,0.0
1882,6,3.0,1.0,0.0
1882,7,4.0,1.0,0.0
1882,8,2.0,1.0,0.0
1882,9,4.0,1.0,0.0
1882,10,2.0,1.0,0.0
1882,11,3.0,1.0,0.0
1882,12,3.0,1.0,0.0
1882,13,4.0,1.0,0.0
1882,14,6.0,1.0,0.0
1882,15,5.0,1.0,0.0
1882,16,5.0,1.0,0.0
1882,17,4.0,1.0,0.0
1882,18,4.0,1.0,0.0
1882,19,3.0,1.0,0.0
1882,20,5.0,1.0,0.0
1882,21,4.0,1.0,0.0
1882,22,2.0,1.0,0.0
1882,23,4.0,1.0,0.0
1882,24,5.0,1.0,0.0
1882,25,5.0,1.0,0.0
1882,26,6.0,1.0,0.0
1882,27,6.0,1.0,0.0
1882,28,7.0,1.0,0.0
1882,29,3.0,1.0,0.0
1882,30,6.0,1.0,0.0
1882,31,3.0,1.0,0.0
1883,1,5.0,1.0,0.0
1883,2,1.0,1.0,
1883,3,3.0,1.0,0.0
1883,4,5.0,1.0,0.0
1883,5,5.0,1.0,0.0
1883,6,4.0,1.0,0.0
1883,7,4.0,1.0,0.0
1883,8,9.0,1.0,0.0
1883,9,7.0,1.0,0.0
1883,10,5.0,1.0,0.0
1883,11,3.0,1.0,0.0
1883,12,4.0,1.0,0.0
1883,13,5.0,1.0,0.0
1883,14,5.0,1.0,0.0
1883,15,3.0,1.0,0.0
1883,16,3.0,1.0,0.0
1883,17,5.0,1.0,0.0
1883,18,5.0,1.0,0.0
1883,19,4.0,1.0,0.0
1883,20,4.0,1.0,0.0
1883,21,6.0,1.0,0.0
1883,22,4.0,1.0,0.0
1883,23,5.0,1.0,0.0
1883,24,3.0,1.0,0.0
1883,25,6.0,1.0,0.0
1883,26,4.0,1.0,0.0
1883,27,6.0,1.0,0.0
1883,28,4.0,1.0,0.0
1883,29,4.0,1.0,0.0
1883,30,4.0,1.0,0.0
1883,31,2.0,1.0,0.0
1884,1,1.0,1.0,
1884,2,2.0,1.0,0.0
1884,3,6.0,1.0,0.0
1884,4,5.0,1.0,0.0
1884,5,2.0,1.0,0.0
1884,6,3.0,1.0,0.0
1884,7,3.0,1.0,0.0
1884,8,6.0,1.0,0.0
1884,9,4.0,1.0,0.0
1884,10,8.0,1.0,0.0
1884,11,7.0,1.0,0.0
1884,12,5.0,1.0,0.0
1884,13,5.0,1.0,0.0
1884,14,2.0,1.0,0.0
1884,15,7.0,1.0,0.0
1884,16,5.0,1.0,0.0
1884,17,6.0,1.0,0.0
1884,18,6.0,1.0,0.0
1884,19,4.0,1.0,0.0
1884,20,2.0,1.0,0.0
1884,21,4.0,1.0,0.0
1884,22,5.0,1.0,0.0
1884,23,6.0,1.0,0.0
1884,24,5.0,1.0,0.0
1884,25,5.0,1.0,0.0
1884,26,5.0,1.0,0.0
1884,27,7.0,1.0,0.0
1884,28,4.0,1.0,0.0
1884,29,5.0,1.0,0.0
1884,30,5.0,1.0,0.0
1884,31,1.0,1.0,
1885,1,4.0,1.0,0.0
1885,2,5.0,1.0,0.0
1885,3,1.0,1.0,
1885,4,4.0,1.0,0.0
1885,5,5.0,1.0,0.0
1885,6,5.0,1.0,0.0
1885,7,8.0,1.0,0.0
1885,8,4.0,1.0,0.0
1885,9,4.0,1.0,0.0
1885,10,3.0,1.0,0.0
1885,11,2.0,1.0,0.0
1885,12,8.0,1.0,0.0
1885,13,4.0,1.0,0.0
1885,14,5.0,1.0,0.0
1885,15,3.0,1.0,0.0
1885,16,5.0,1.0,0.0
1885,17,4.0,1.0,0.0
1885,18,5.0,1.0,0.0
1885,19,3.0,1.0,0.0
1885,20,1.0,1.0,
1885,21,5.0,1.0,0.0
1885,22,4.0,1.0,0.0
1885,23,4.0,1.0,0.0
1885,24,5.0,1.0,0.0
1885,25,5.0,1.0,0.0
1885,26,4.0,1.0,0.0
1885,27,5.0,1.0,0.0
1885,28,6.0,1.0,0.0
1885,29,2.0,1.0,0.0
1885,30,5.0,1.0,0.0
1885,31,4.0,1.0,0.0
1886,1,1.0,1.0,
1886,2,4.0,1.0,0.0
1886,3,3.0,1.0,0.0
1886,4,4.0,1.0,0.0
1886,5,5.0,1.0,0.0
1886,6,4.0,1.0,0.0
1886,7,9.0,1.0,0.0
1886,8,5.0,1.0,0.0
1886,9,4.0,1.0,0.0
1886,10,5.0,1.0,0.0
1886,11,5.0,1.0,0.0
1886,12,6.0,1.0,0.0
1886,13,6.0,1.0,0.0
1886,14,6.0,1.0,0.0
1886,15,5.0,1.0,0.0
1886,16,2.0,1.0,0.0
1886,17,4.0,1.0,0.0
1886,18,3.0,1.0,0.0
1886,19,2.0,1.0,0.0
1886,20,6.0,1.0,0.0
1886,21,5.0,1.0,0.0
1886,22,6.0,1.0,0.0
1886,23,3.0,1.0,0.0
1886,24,5.0,1.0,0.0
1886,25,6.0,1.0,0.0
1886,26,4.0,1.0,0.0
1886,27,5.0,1.0,0.0
1886,28,3.0,1.0,0.0
1886,29,3.0,1.0,0.0
1886,30,3.0,1.0,0.0
1886,31,2.0,1.0,0.0
1887,1,5.0,1.0,0.0
1887,2,6.0,1.0,0.0
1887,3,6.0,1.0,0.0
1887,4,8.0,1.0,0.0
1887,5,8.0,1.0,0.0
1887,6,7.0,1.0,0.0
1887,7,7.0,1.0,0.0
1887,8,6.0,1.0,0.0
1887,9,5.0,1.0,0.0
1887,10,4.0,1.0,0.0
1887,11,6.0,1.0,0.0
1887,12,4.0,1.0,0.0
1887,13,3.0,1.0,0.0
1887,14,4.0,1.0,0.0
1887,15,8.0,1.0,0.0
1887,16,5.0,1.0,0.0
1887,17,6.0,1.0,0.0
1887,18,7.0,1.0,0.0
1887,19,7.0,1.0,0.0
1887,20,4.0,1.0,0.0
1887,21,3.0,1.0,0.0
1887,22,3.0,1.0,0.0
1887,23,6.0,1.0,0.0
1887,24,4.0,1.0,0.0
1887,25,5.0,1.0,0.0
1887,26,4.0,1.0,0.0
1887,27,4.0,1.0,0.0
1887,28,6.0,1.0,0.0
1887,29,2.0,1.0,0.0
1887,30,5.0,1.0,0.0
1887,31,3.0,1.0,0.0
1888,1,1.0,1.0,
1888,2,4.0,1.0,0.0
1888,3,3.0,1.0,0.0
1888,4,7.0,1.0,0.0
1888,5,5.0,1.0,0.0
1888,6,4.0,1.0,0.0
1888,7,5.0,1.0,0.0
1888,8,3.0,1.0,0.0
1888,9,1.0,1.0,
1888,10,5.0,1.0,0.0
1888,11,4.0,1.0,0.0
1888,12,4.0,1.0,0.0
1888,13,6.0,1.0,0.0
1888,14,9.0,1.0,0.0
1888,15,3.0,1.0,0.0
1888,16,5.0,1.0,0.0
1888,17,4.0,1.0,0.0
1888,18,4.0,1.0,0.0
1888,19,4.0,1.0,0.0
1888,20,5.0,1.0,0.0
1888,21,5.0,1.0,0.0
1888,22,2.0,1.0,0.0
1888,23,4.0,1.0,0.0
1888,24,6.0,1.0,0.0
1888,25,2.0,1.0,0.0
1888,26,3.0,1.0,0.0
1888,27,3.0,1.0,0.0
1888,28,3.0,1.0,0.0
1888,29,4.0,1.0,0.0
1888,30,6.0,1.0,0.0
1888,31,6.0,1.0,0.0
1889,1,7.0,1.0,0.0
1889,2,6.0,1.0,0.0
1889,3,6.0,1.0,0.0
1889,4,4.0,1.0,0.0
1889,5,6.0,1.0,0.0
1889,6,4.0,1.0,0.0
1889,7,8.0,1.0,0.0
1889,8,4.0,1.0,0.0
1889,9,6.0,1.0,0.0
1889,10,6.0,1.0,0.0
1889,11,4.0,1.0,0.0
1889,12,4.0,1.0,0.0
1889,13,2.0,1.0,0.0
1889,14,4.0,1.0,0.0
1889,15,4.0,1.0,0.0
1889,16,6.0,1.0,0.0
1889,17,5.0,1.0,0.0
1889,18,5.0,1.0,0.0
1889,19,4.0,1.0,0.0
1889,20,4.0,1.0,0.0
1889,21,4.0,1.0,0.0
1889,22,6.0,1.0,0.0
1889,23,4.0,1.0,0.0
1889,24,5.0,1.0,0.0
1889,25,3.0,1.0,0.0
1889,26,4.0,1.0,0.0
1889,27,5.0,1.0,0.0
1889,28,4.0,1.0,0.0
1889,29,5.0,1.0,0.0
1889,30,3.0,1.0,0.0
1889,31,2.0,1.0,0.0
1890,1,6.0,1.0,0.0
1890,2,3.0,1.0,0.0
1890,3,3.0,1.0,0.0
1890,4,2.0,1.0,0.0
1890,5,1.0,1.0,
1890,6,3.0,1.0,0.0
1890,7,6.0,1.0,0.0
1890,8,5.0,1.0,0.0
1890,9,5.0,1.0,0.0
1890,10,7.0,1.0,0.0
1890,11,5.0,1.0,0.0
1890,12,3.0,1.0,0.0
1890,13,4.0,1.0,0.0
1890,14,7.0,1.0,0.0
1890,15,6.0,1.0,0.0
1890,16,5.0,1.0,0.0
1890,17,5.0,1.0,0.0
1890,18,6.0,1.0,0.0
1890,19,7.0,1.0,0.0
1890,20,5.0,1.0,0.0
1890,21,3.0,1.0,0.0
1890,22,5.0,1.0,0.0
1890,23,5.0,1.0,0.0
1890,24,7.0,1.0,0.0
1890,25,5.0,1.0,0.0
1890,26,6.0,1.0,0.0
1890,27,2.0,1.0,0.0
1890,28,3.0,1.0,0.0
1890,29,4.0,1.0,0.0
1890,30,6.0,1.0,0.0
1890,31,4.0,1.0,0.0
1891,1,2.0,1.0,0.0
1891,2,6.0,1.0,0.0
1891,3,4.0,1.0,0.0
1891,4,4.0,1.0,0.0
1891,5,2.0,1.0,0.0
1891,6,6.0,1.0,0.0
1891,7,3.0,1.0,0.0
1891,8,2.0,1.0,0.0
1891,9,6.0,1.0,0.0
1891,10,4.0,1.0,0.0
1891,11,5.0,1.0,0.0
1891,12,5.0,1.0,0.0
1891,13,7.0,1.0,0.0
1891,14,2.0,1.0,0.0
1891,15,3.0,1.0,0.0
1891,16,4.0,1.0,0.0
1891,17,7.0,1.0,0.0
1891,18,6.0,1.0,0.0
1891,19,2.0,1.0,0.0
1891,20,6.0,1.0,0.0
1891,21,4.0,1.0,0.0
1891,22,4.0,1.0,0.0
1891,23,1.0,1.0,
1891,24,6.0,1.0,0.0
1891,25,3.0,1.0,0.0
1891,26,3.0,1.0,0.0
1891,27,5.0,1.0,0.0
1891,28,4.0,1.0,0.0
1891,29,1.0,1.0,
1891,30,5.0,1.0,0.0
1891,31,2.0,1.0,0.0
1892,1,4.0,1.0,0.0
1892,2,4.0,1.0,0.0
1892,3,2.0,1.0,0.0
1892,4,2.0,1.0,0.0
1892,5,2.0,1.0,0.0
1892,6,3.0,1.0,0.0
1892,7,1.0,1.0,
1892,8,3.0,1.0,0.0
1892,9,6.0,1.0,0.0
1892,10,6.0,1.0,0.0
1892,11,5.0,1.0,0.0
1892,12,8.0,1.0,0.0
1892,13,5.0,1.0,0.0
1892,14,4.0,1.0,0.0
1892,15,6.0,1.0,0.0
1892,16,3.0,1.0,0.0
1892,17,6.0,1.0,0.0
1892,18,4.0,1.0,0.0
1892,19,3.0,1.0,0.0
1892,20,5.0,1.0,0.0
1892,21,7.0,1.0,0.0
1892,22,5.0,1.0,0.0
1892,23,6.0,1.0,0.0
1892,24,6.0,1.0,0.0
1892,25,3.0,1.0,0.0
1892,26,5.0,1.0,0.0
1892,27,7.0,1.0,0.0
1892,28,7.0,1.0,0.0
1892,29,6.0,1.0,0.0
1892,30,3.0,1.0,0.0
1892,31,2.0,1.0,0.0
1893,1,4.0,1.0,0.0
1893,2,7.0,1.0,0.0
1893,3,4.0,1.0,0.0
1893,4,4.0,1.0,0.0
1893,5,6.0,1.0,0.0
1893,6,4.0,1.0,0.0
1893,7,6.0,1.0,0.0
1893,8,4.0,1.0,0.0
1893,9,5.0,1.0,0.0
1893,10,3.0,1.0,0.0
1893,11,5.0,1.0,0.0
1893,12,4.0,1.0,0.0
1893,13,5.0,1.0,0.0
1893,14,8.0,1.0,0.0
1893,15,7.0,1.0,0.0
1893,16,6.0,1.0,0.0
1893,17,5.0,1.0,0.0
1893,18,8.0,1.0,0.0
1893,19,6.0,1.0,0.0
1893,20,6.0,1.0,0.0
1893,21,5.0,1.0,0.0
1893,22,5.0,1.0,0.0
1893,23,3.0,1.0,0.0
1893,24,2.0,1.0,0.0
1893,25,4.0,1.0,0.0
1893,26,5.0,1.0,0.0
1893,27,4.0,1.0,0.0
1893,28,6.0,1.0,0.0
1893,29,5.0,1.0,0.0
1893,30,4.0,1.0,0.0
1893,31,3.0,1.0,0.0
1894,1,6.0,1.0,0.0
1894,2,4.0,1.0,0.0
1894,3,6.0,1.0,0.0
1894,4,4.0,1.0,0.0
1894,5,7.0,1.0,0.0
1894,6,6.0,1.0,0.0
1894,7,5.0,1.0,0.0
1894,8,5.0,1.0,0.0
1894,9,3.0,1.0,0.0
1894,10,3.0,1.0,0.0
1894,11,4.0,1.0,0.0
1894,12,3.0,1.0,0.0
1894,13,6.0,1.0,0.0
1894,14,6.0,1.0,0.0
1894,15,9.0,1.0,0.0
1894,16,6.0,1.0,0.0
1894,17,6.0,1.0,0.0
1894,18,3.0,1.0,0.0
1894,19,5.0,1.0,0.0
1894,20,3.0,1.0,0.0
1894,21,6.0,1.0,0.0
1894,22,7.0,1.0,0.0
1894,23,5.0,1.0,0.0
1894,24,4.0,1.0,0.0
1894,25,4.0,1.0,0.0
1894,26,6.0,1.0,0.0
1894,27,7.0,1.0,0.0
1894,28,4.0,1.0,0.0
1894,29,2.0,1.0,0.0
1894,30,4.0,1.0,0.0
1894,31,4.0,1.0,0.0
1895,1,6.0,1.0,0.0
1895,2,5.0,1.0,0.0
1895,3,7.0,1.0,0.0
1895,4,5.0,1.0,0.0
1895,5,5.0,1.0,0.0
1895,6,4.0,1.0,0.0
1895,7,5.0,1.0,0.0
1895,8,4.0,1.0,0.0
1895,9,4.0,1.0,0.0
1895,10,8.0,1.0,0.0
1895,11,6.0,1.0,0.0
1895,12,3.0,1.0,0.0
1895,13,3.0,1.0,0.0
1895,14,5.0,1.0,0.0
1895,15,6.0,1.0,0.0
1895,16,5.0,1.0,0.0
1895,17,2.0,1.0,0.0
1895,18,5.0,1.0,0.0
1895,19,4.0,1.0,0.0
1895,20,7.0,1.0,0.0
1895,21,6.0,1.0,0.0
1895,22,4.0,1.0,0.0
1895,23,4.0,1.0,0.0
1895,24,6.0,1.0,0.0
1895,25,4.0,1.0,0.0
1895,26,5.0,1.0,0.0
1895,27,3.0,1.0,0.0
1895,28,6.0,1.0,0.0
1895,29,4.0,1.0,0.0
1895,30,4.0,1.0,0.0
1895,31,1.0,1.0,
1896,1,1.0,1.0,
1896,2,3.0,1.0,0.0
1896,3,2.0,1.0,0.0
1896,4,3.0,1.0,0.0
1896,5,6.0,1.0,0.0
1896,6,4.0,1.0,0.0
1896,7,4.0,1.0,0.0
1896,8,3.0,1.0,0.0
1896,9,3.0,1.0,0.0
1896,10,5.0,1.0,0.0
1896,11,6.0,1.0,0.0
1896,12,5.0,1.0,0.0
1896,13,9.0,1.0,0.0
1896,14,6.0,1.0,0.0
1896,15,3.0,1.0,0.0
1896,16,4.0,1.0,0.0
1896,17,3.0,1.0,0.0
1896,18,5.0,1.0,0.0
1896,19,6.0,1.0,0.0
1896,20,1.0,1.0,
1896,21,6.0,1.0,0.0
1896,22,4.0,1.0,0.0
1896,23,4.0,1.0,0.0
1896,24,6.0,1.0,0.0
1896,25,9.0,1.0,0.0
1896,26,7.0,1.0,0.0
1896,27,4.0,1.0,0.0
1896,28,5.0,1.0,0.0
1896,29,6.0,1.0,0.0
1896,30,5.0,1.0,0.0
1896,31,3.0,1.0,0.0
1897,1,2.0,1.0,0.0
1897,2,6.0,1.0,0.0
1897,3,6.0,1.0,0.0
1897,4,3.0,1.0,0.0
1897,5,6.0,1.0,0.0
1897,6,5.0,1.0,0.0
1897,7,5.0,1.0,0.0
1897,8,4.0,1.0,0.0
1897,9,3.0,1.0,0.0
1897,10,5.0,1.0,0.0
1897,11,5.0,1.0,0.0
1897,12,7.0,1.0,0.0
1897,13,5.0,1.0,0.0
1897,14,4.0,1.0,0.0
1897,15,1.0,1.0,
1897,16,3.0,1.0,0.0
1897,17,6.0,1.0,0.0
1897,18,5.0,1.0,0.0
1897,19,8.0,1.0,0.0
1897,20,6.0,1.0,0.0
1897,21,4.0,1.0,0.0
1897,22,5.0,1.0,0.0
1897,23,4.0,1.0,0.0
1897,24,6.0,1.0,0.0
1897,25,4.0,1.0,0.0
1897,26,4.0,1.0,0.0
1897,27,5.0,1.0,0.0
1897,28,5.0,1.0,0.0
1897,29,1.0,1.0,
1897,30,2.0,1.0,0.0
1897,31,2.0,1.0,0.0
1898,1,4.0,1.0,0.0
1898,2,4.0,1.0,0.0
1898,3,3.0,1.0,0.0
1898,4,4.0,1.0,0.0
1898,5,6.0,1.0,0.0
1898,6,3.0,1.0,0.0
1898,7,4.0,1.0,0.0
1898,8,4.0,1.0,0.0
1898,9,5.0,1.0,0.0
1898,10,2.0,1.0,0.0
1898,11,3.0,1.0,0.0
1898,12,3.0,1.0,0.0
1898,13,2.0,1.0,0.0
1898,14,4.0,1.0,0.0
1898,15,2.0,1.0,0.0
1898,16,6.0,1.0,0.0
1898,17,9.0,1.0,0.0
1898,18,5.0,1.0,0.0
1898,19,5.0,1.0,0.0
1898,20,3.0,1.0,0.0
1898,21,3.0,1.0,0.0
1898,22,4.0,1.0,0.0
1898,23,6.0,1.0,0.0
1898,24,4.0,1.0,0.0
1898,25,3.0,1.0,0.0
1898,26,1.0,1.0,
1898,27,4.0,1.0,0.0
1898,28,5.0,1.0,0.0
1898,29,4.0,1.0,0.0
1898,30,3.0,1.0,0.0
1898,31,3.0,1.0,0.0
1899,1,4.0,1.0,0.0
1899,2,4.0,1.0,0.0
1899,3,5.0,1.0,0.0
1899,4,4.0,1.0,0.0
1899,5,3.0,1.0,0.0
1899,6,3.0,1.0,0.0
1899,7,8.0,1.0,0.0
1899,8,4.0,1.0,0.0
1899,9,8.0,1.0,0.0
1899,10,5.0,1.0,0.0
1899,11,4.0,1.0,0.0
1899,12,3.0,1.0,0.0
1899,13,4.0,1.0,0.0
1899,14,5.0,1.0,0.0
1899,15,3.0,1.0,0.0
1899,16,3.0,1.0,0.0
1899,17,5.0,1.0,0.0
1899,18,7.0,1.0,0.0
1899,19,7.0,1.0,0.0
1899,20,4.0,1.0,0.0
1899,21,5.0,1.0,0.0
1899,22,4.0,1.0,0.0
1899,23,4.0,1.0,0.0
1899,24,6.0,1.0,0.0
1899,25,6.0,1.0,0.0
1899,26,5.0,1.0,0.0
1899,27,4.0,1.0,0.0
1899,28,1.0,1.0,
1899,29,1.0,1.0,
1899,30,4.0,1.0,0.0
1899,31,3.0,1.0,0.0
1900,1,3.0,1.0,0.0
1900,2,6.0,1.0,0.0
1900,3,8.0,1.0,0.0
1900,4,6.0,1.0,0.0
1900,5,3.0,1.0,0.0
1900,6,4.0,1.0,0.0
1900,7,3.0,1.0,0.0
1900,8,5.0,1.0,0.0
1900,9,4.0,1.0,0.0
1900,10,5.0,1.0,0.0
1900,11,2.0,1.0,0.0
1900,12,5.0,1.0,0.0
1900,13,6.0,1.0,0.0
1900,14,5.0,1.0,0.0
1900,15,7.0,1.0,0.0
1900,16,5.0,1.0,0.0
1900,17,4.0,1.0,0.0
1900,18,6.0,1.0,0.0
1900,19,7.0,1.0,0.0
1900,20,7.0,1.0,0.0
1900,21,7.0,1.0,0.0
1900,22,1.0,1.0,
1900,23,4.0,1.0,0.0
1900,24,5.0,1.0,0.0
1900,25,5.0,1.0,0.0
1900,26,5.0,1.0,0.0
1900,27,4.0,1.0,0.0
1900,28,6.0,1.0,0.0
1900,29,5.0,1.0,0.0
1900,30,7.0,1.0,0.0
1900,31,5.0,1.0,0.0
1901,1,2.0,1.0,0.0
1901,2,3.0,1.0,0.0
1901,3,5.0,1.0,0.0
1901,4,5.0,1.0,0.0
1901,5,7.0,1.0,0.0
1901,6,3.0,1.0,0.0
1901,7,3.0,1.0,0.0
1901,8,4.0,1.0,0.0
1901,9,5.0,1.0,0.0
1901,10,4.0,1.0,0.0
1901,11,7.0,1.0,0.0
1901,12,4.0,1.0,0.0
1901,13,5.0,1.0,0.0
1901,14,4.0,1.0,0.0
1901,15,4.0,1.0,0.0
1901,16,5.0,1.0,0.0
1901,17,4.0,1.0,0.0
1901,18,6.0,1.0,0.0
1901,19,5.0,1.0,0.0
1901,20,5.0,1.0,0.0
1901,21,7.0,1.0,0.0
1901,22,7.0,1.0,0.0
1901,23,5.0,1.0,0.0
1901,24,4.0,1.0,0.0
1901,25,3.0,1.0,0.0
1901,26,5.0,1.0,0.0
1901,27,6.0,1.0,0.0
1901,28,3.0,1.0,0.0
1901,29,8.0,1.0,0.0
1901,30,6.0,1.0,0.0
1901,31,2.0,1.0,0.0
1902,1,3.0,1.0,0.0
1902,2,3.0,1.0,0.0
1902,3,4.0,1.0,0.0
1902,4,6.0,1.0,0.0
1902,5,5.0,1.0,0.0
1902,6,7.0,1.0,0.0
1902,7,5.0,1.0,0.0
1902,8,3.0,1.0,0.0
1902,9,6.0,1.0,0.0
1902,10,4.0,1.0,0.0
1902,11,4.0,1.0,0.0
1902,12,6.0,1.0,0.0
1902,13,4.0,1.0,0.0
1902,14,5.0,1.0,0.0
1902,15,7.0,1.0,0.0
1902,16,3.0,1.0,0.0
1902,17,3.0,1.0,0.0
1902,18,6.0,1.0,0.0
1902,19,7.0,1.0,0.0
1902,20,7.0,1.0,0.0
1902,21,1.0,1.0,
1902,22,5.0,1.0,0.0
1902,23,5.0,1.0,0.0
1902,24,4.0,1.0,0.0
1902,25,5.0,1.0,0.0
1902,26,5.0,1.0,0.0
1902,27,5.0,1.0,0.0
1902,28,6.0,1.0,0.0
1902,29,3.0,1.0,0.0
1902,30,3.0,1.0,0.0
1902,31,3.0,1.0,0.0
1903,1,4.0,1.0,0.0
1903,2,8.0,1.0,0.0
1903,3,5.0,1.0,0.0
1903,4,4.0,1.0,0.0
1903,5,6.0,1.0,0.0
1903,6,7.0,1.0,0.0
1903,7,5.0,1.0,0.0
1903,8,3.0,1.0,0.0
1903,9,6.0,1.0,0.0
1903,10,3.0,1.0,0.0
1903,11,7.0,1.0,0.0
1903,12,9.0,1.0,0.0
1903,13,5.0,1.0,0.0
1903,14,6.0,1.0,0.0
1903,15,7.0,1.0,0.0
1903,16,6.0,1.0,0.0
1903,17,5.0,1.0,0.0
1903,18,4.0,1.0,0.0
1903,19,4.0,1.0,0.0
1903,20,2.0,1.0,0.0
1903,21,3.0,1.0,0.0
1903,22,8.0,1.0,0.0
1903,23,4.0,1.0,0.0
1903,24,7.0,1.0,0.0
1903,25,4.0,1.0,0.0
1903,26,5.0,1.0,0.0
1903,27,4.0,1.0,0.0
1903,28,3.0,1.0,0.0
1903,29,4.0,1.0,0.0
1903,30,3.0,1.0,0.0
1903,31,1.0,1.0,
1904,1,5.0,1.0,0.0
1904,2,7.0,1.0,0.0
1904,3,5.0,1.0,0.0
1904,4,5.0,1.0,0.0
1904,5,6.0,1.0,0.0
1904,6,6.0,1.0,0.0
1904,7,6.0,1.0,0.0
1904,8,3.0,1.0,0.0
1904,9,4.0,1.0,0.0
1904,10,1.0,1.0,
1904,11,3.0,1.0,0.0
1904,12,3.0,1.0,0.0
1904,13,5.0,1.0,0.0
1904,14,5.0,1.0,0.0
1904,15,5.0,1.0,0.0
1904,16,3.0,1.0,0.0
1904,17,4.0,1.0,0.0
1904,18,5.0,1.0,0.0
1904,19,7.0,1.0,0.0
1904,20,5.0,1.0,0.0
1904,21,6.0,1.0,0.0
1904,22,7.0,1.0,0.0
1904,23,8.0,1.0,0.0
1904,24,3.0,1.0,0.0
1904,25,4.0,1.0,0.0
1904,26,4.0,1.0,0.0
1904,27,5.0,1.0,0.0
1904,28,6.0,1.0,0.0
1904,29,6.0,1.0,0.0
1904,30,4.0,1.0,0.0
1904,31,3.0,1.0,0.0
1905,1,4.0,1.0,0.0
1905,2,6.0,1.0,0.0
1905,3,5.0,1.0,0.0
1905,4,4.0,1.0,0.0
1905,5,7.0,1.0,0.0
1905,6,4.0,1.0,0.0
1905,7,6.0,1.0,0.0
1905,8,3.0,1.0,0.0
1905,9,7.0,1.0,0.0
1905,10,5.0,1.0,0.0
1905,11,6.0,1.0,0.0
1905,12,9.0,1.0,0.0
1905,13,6.0,1.0,0.0
1905,14,5.0,1.0,0.0
1905,15,4.0,1.0,0.0
1905,16,4.0,1.0,0.0
1905,17,5.0,1.0,0.0
1905,18,2.0,1.0,0.0
1905,19,2.0,1.0,0.0
1905,20,4.0,1.0,0.0
1905,21,2.0,1.0,0.0
1905,22,5.0,1.0,0.0
1905,23,4.0,1.0,0.0
1905,24,6.0,1.0,0.0
1905,25,5.0,1.0,0.0
1905,26,2.0,1.0,0.0
1905,27,5.0,1.0,0.0
1905,28,6.0,1.0,0.0
1905,29,6.0,1.0,0.0
1905,30,7.0,1.0,0.0
1905,31,6.0,1.0,0.0
1906,1,4.0,1.0,0.0
1906,2,5.0,1.0,0.0
1906,3,7.0,1.0,0.0
1906,4,3.0,1.0,0.0
1906,5,4.0,1.0,0.0
1906,6,2.0,1.0,0.0
1906,7,4.0,1.0,0.0
1906,8,2.0,1.0,0.0
1906,9,2.0,1.0,0.0
1906,10,5.0,1.0,0.0
1906,11,6.0,1.0,0.0
1906,12,6.0,1.0,0.0
1906,13,4.0,1.0,0.0
1906,14,5.0,1.0,0.0
1906,15,4.0,1.0,0.0
1906,16,5.0,1.0,0.0
1906,17,4.0,1.0,0.0
1906,18,3.0,1.0,0.0
1906,19,3.0,1.0,0.0
1906,20,2.0,1.0,0.0
1906,21,3.0,1.0,0.0
1906,22,8.0,1.0,0.0
1906,23,7.0,1.0,0.0
1906,24,5.0,1.0,0.0
1906,25,6.0,1.0,0.0
1906,26,3.0,1.0,0.0
1906,27,5.0,1.0,0.0
1906,28,7.0,1.0,0.0
1906,29,6.0,1.0,0.0
1906,30,2.0,1.0,0.0
1906,31,2.0,1.0,0.0
1907,1,5.0,1.0,0.0
1907,2,5.0,1.0,0.0
1907,3,4.0,1.0,0.0
1907,4,3.0,1.0,0.0
1907,5,4.0,1.0,0.0
1907,6,7.0,1.0,0.0
1907,7,6.0,1.0,0.0
1907,8,6.0,1.0,0.0
1907,9,5.0,1.0,0.0
1907,10,5.0,1.0,0.0
1907,11,3.0,1.0,0.0
1907,12,2.0,1.0,0.0
1907,13,4.0,1.0,0.0
1907,14,1.0,1.0,
1907,15,2.0,1.0,0.0
1907,16,5.0,1.0,0.0
1907,17,3.0,1.0,0.0
1907,18,2.0,1.0,0.0
1907,19,5.0,1.0,0.0
1907,20,5.0,1.0,0.0
1907,21,5.0,1.0,0.0
1907,22,4.0,1.0,0.0
1907,23,6.0,1.0,0.0
1907,24,4.0,1.0,0.0
1907,25,3.0,1.0,0.0
1907,26,5.0,1.0,0.0
1907,27,4.0,1.0,0.0
1907,28,4.0,1.0,0.0
1907,29,5.0,1.0,0.0
1907,30,3.0,1.0,0.0
1907,31,3.0,1.0,0.0
1908,1,5.0,1.0,0.0
1908,2,6.0,1.0,0.0
1908,3,3.0,1.0,0.0
1908,4,1.0,1.0,
1908,5,6.0,1.0,0.0
1908,6,5.0,1.0,0.0
1908,7,3.0,1.0,0.0
1908,8,7.0,1.0,0.0
1908,9,3.0,1.0,0.0
1908,10,6.0,1.0,0.0
1908,11,5.0,1.0,0.0
1908,12,4.0,1.0,0.0
1908,13,5.0,1.0,0.0
1908,14,2.0,1.0,0.0
1908,15,5.0,1.0,0.0
1908,16,6.0,1.0,0.0
1908,17,5.0,1.0,0.0
1908,18,5.0,1.0,0.0
1908,19,4.0,1.0,0.0
1908,20,5.0,1.0,0.0
1908,21,5.0,1.0,0.0
1908,22,7.0,1.0,0.0
1908,23,4.0,1.0,0.0
1908,24,2.0,1.0,0.0
1908,25,4.0,1.0,0.0
1908,26,7.0,1.0,0.0
1908,27,8.0,1.0,0.0
1908,28,6.0,1.0,0.0
1908,29,5.0,1.0,0.0
1908,30,2.0,1.0,0.0
1908,31,2.0,1.0,0.0
1909,1,9.0,1.0,0.0
1909,2,8.0,1.0,0.0
1909,3,6.0,1.0,0.0
1909,4,9.0,1.0,0.0
1909,5,7.0,1.0,0.0
1909,6,5.0,1.0,0.0
1909,7,3.0,1.0,0.0
1909,8,5.0,1.0,0.0
1909,9,5.0,1.0,0.0
1909,10,3.0,1.0,0.0
1909,11,5.0,1.0,0.0
1909,12,3.0,1.0,0.0
1909,13,5.0,1.0,0.0
1909,14,6.0,1.0,0.0
1909,15,8.0,1.0,0.0
1909,16,7.0,1.0,0.0
1909,17,7.0,1.0,0.0
1909,18,6.0,1.0,0.0
1909,19,6.0,1.0,0.0
1909,20,7.0,1.0,0.0
1909,21,7.0,1.0,0.0
1909,22,5.0,1.0,0.0
1909,23,7.0,1.0,0.0
1909,24,5.0,1.0,0.0
1909,25,7.0,1.0,0.0
1909,26,6.0,1.0,0.0
1909,27,5.0,1.0,0.0
1909,28,2.0,1.0,0.0
1909,29,6.0,1.0,0.0
1909,30,7.0,1.0,0.0
1909,31,5.0,1.0,0.0
1910,1,5.0,1.0,0.0
1910,2,5.0,1.0,0.0
1910,3,7.0,1.0,0.0
1910,4,9.0,1.0,0.0
1910,5,8.0,1.0,0.0
1910,6,6.0,1.0,0.0
1910,7,6.0,1.0,0.0
1910,8,3.0,1.0,0.0
1910,9,5.0,1.0,0.0
1910,10,8.0,1.0,0.0
1910,11,7.0,1.0,0.0
1910,12,7.0,1.0,0.0
1910,13,7.0,1.0,0.0
1910,14,7.0,1.0,0.0
1910,15,3.0,1.0,0.0
1910,16,6.0,1.0,0.0
1910,17,4.0,1.0,0.0
1910,18,5.0,1.0,0.0
1910,19,8.0,1.0,0.0
1910,20,6.0,1.0,0.0
1910,21,5.0,1.0,0.0
1910,22,6.0,1.0,0.0
1910,23,5.0,1.0,0.0
1910,24,5.0,1.0,0.0
1910,25,5.0,1.0,0.0
1910,26,6.0,1.0,0.0
1910,27,8.0,1.0,0.0
1910,28,5.0,1.0,0.0
1910,29,7.0,1.0,0.0
1910,30,5.0,1.0,0.0
1910,31,2.0,1.0,0.0
1911,1,4.0,1.0,0.0
1911,2,6.0,1.0,0.0
1911,3,4.0,1.0,0.0
1911,4,5.0,1.0,0.0
1911,5,5.0,1.0,0.0
1911,6,7.0,1.0,0.0
1911,7,4.0,1.0,0.0
1911,8,6.0,1.0,0.0
1911,9,6.0,1.0,0.0
1911,10,7.0,1.0,0.0
1911,11,5.0,1.0,0.0
1911,12,7.0,1.0,0.0
1911,13,7.0,1.0,0.0
1911,14,7.0,1.0,0.0
1911,15,5.0,1.0,0.0
1911,16,7.0,1.0,0.0
1911,17,5.0,1.0,0.0
1911,18,6.0,1.0,0.0
1911,19,7.0,1.0,0.0
1911,20,6.0,1.0,0.0
1911,21,5.0,1.0,0.0
1911,22,7.0,1.0,0.0
1911,23,5.0,1.0,0.0
1911,24,6.0,1.0,0.0
1911,25,3.0,1.0,0.0
1911,26,5.0,1.0,0.0
1911,27,6.0,1.0,0.0
1911,28,9.0,1.0,0.0
1911,29,5.0,1.0,0.0
1911,30,4.0,1.0,0.0
1911,31,3.0,1.0,0.0
1912,1,5.0,1.0,0.0
1912,2,6.0,1.0,0.0
1912,3,5.0,1.0,0.0
1912,4,6.0,1.0,0.0
1912,5,6.0,1.0,0.0
1912,6,7.0,1.0,0.0
1912,7,8.0,1.0,0.0
1912,8,7.0,1.0,0.0
1912,9,6.0,1.0,0.0
1912,10,5.0,1.0,0.0
1912,11,8.0,1.0,0.0
1912,12,5.0,1.0,0.0
1912,13,7.0,1.0,0.0
1912,14,6.0,1.0,0.0
1912,15,4.0,1.0,0.0
1912,16,4.0,1.0,0.0
1912,17,5.0,1.0,0.0
1912,18,5.0,1.0,0.0
1912,19,6.0,1.0,0.0
1912,20,5.0,1.0,0.0
1912,21,4.0,1.0,0.0
1912,22,5.0,1.0,0.0
1912,23,7.0,1.0,0.0
1912,24,5.0,1.0,0.0
1912,25,4.0,1.0,0.0
1912,26,7.0,1.0,0.0
1912,27,7.0,1.0,0.0
1912,28,3.0,1.0,0.0
1912,29,5.0,1.0,0.0
1912,30,6.0,1.0,0.0
1912,31,1.0,1.0,
1913,1,3.0,1.0,0.0
1913,2,3.0,1.0,0.0
1913,3,6.0,1.0,0.0
1913,4,8.0,1.0,0.0
1913,5,6.0,1.0,0.0
1913,6,5.0,1.0,0.0
1913,7,5.0,1.0,0.0
1913,8,5.0,1.0,0.0
1913,9,6.0,1.0,0.0
1913,10,5.0,1.0,0.0
1913,11,3.0,1.0,0.0
1913,12,4.0,1.0,0.0
1913,13,4.0,1.0,0.0
1913,14,6.0,1.0,0.0
1913,15,9.0,1.0,0.0
1913,16,8.0,1.0,0.0
1913,17,5.0,1.0,0.0
1913,18,6.0,1.0,0.0
1913,19,4.0,1.0,0.0
1913,20,3.0,1.0,0.0
1913,21,7.0,1.0,0.0
1913,22,5.0,1.0,0.0
1913,23,8.0,1.0,0.0
1913,24,5.0,1.0,0.0
1913,25,3.0,1.0,0.0
1913,26,8.0,1.0,0.0
1913,27,6.0,1.0,0.0
1913,28,6.0,1.0,0.0
1913,29,6.0,1.0,0.0
1913,30,5.0,1.0,0.0
1913,31,5.0,1.0,0.0
1914,1,6.0,1.0,0.0
1914,2,5.0,1.0,0.0
1914,3,3.0,1.0,0.0
1914,4,1.0,1.0,
1914,5,3.0,1.0,0.0
1914,6,2.0,1.0,0.0
1914,7,2.0,1.0,0.0
1914,8,3.0,1.0,0.0
1914,9,4.0,1.0,0.0
1914,10,5.0,1.0,0.0
1914,11,7.0,1.0,0.0
1914,12,3.0,1.0,0.0
1914,13,4.0,1.0,0.0
1914,14,7.0,1.0,0.0
1914,15,5.0,1.0,0.0
1914,16,4.0,1.0,0.0
1914,17,5.0,1.0,0.0
1914,18,4.0,1.0,0.0
1914,19,8.0,1.0,0.0
1914,20,6.0,1.0,0.0
1914,21,7.0,1.0,0.0
1914,22,3.0,1.0,0.0
1914,23,5.0,1.0,0.0
1914,24,6.0,1.0,0.0
1914,25,3.0,1.0,0.0
1914,26,5.0,1.0,0.0
1914,27,7.0,1.0,0.0
1914,28,8.0,1.0,0.0
1914,29,3.0,1.0,0.0
1914,30,6.0,1.0,0.0
1914,31,4.0,1.0,0.0
1915,1,3.0,1.0,0.0
1915,2,7.0,1.0,0.0
1915,3,6.0,1.0,0.0
1915,4,2.0,1.0,0.0
1915,5,3.0,1.0,0.0
1915,6,7.0,1.0,0.0
1915,7,7.0,1.0,0.0
1915,8,5.0,1.0,0.0
1915,9,6.0,1.0,0.0
1915,10,6.0,1.0,0.0
1915,11,6.0,1.0,0.0
1915,12,4.0,1.0,0.0
1915,13,5.0,1.0,0.0
1915,14,7.0,1.0,0.0
1915,15,5.0,1.0,0.0
1915,16,6.0,1.0,0.0
1915,17,6.0,1.0,0.0
1915,18,6.0,1.0,0.0
1915,19,6.0,1.0,0.0
1915,20,7.0,1.0,0.0
1915,21,7.0,1.0,0.0
1915,22,7.0,1.0,0.0
1915,23,7.0,1.0,0.0
1915,24,8.0,1.0,0.0
1915,25,6.0,1.0,0.0
1915,26,5.0,1.0,0.0
1915,27,5.0,1.0,0.0
1915,28,6.0,1.0,0.0
1915,29,6.0,1.0,0.0
1915,30,4.0,1.0,0.0
1915,31,4.0,1.0,0.0
1916,1,7.0,1.0,0.0
1916,2,3.0,1.0,0.0
1916,3,7.0,1.0,0.0
1916,4,7.0,1.0,0.0
1916,5,8.0,1.0,0.0
1916,6,7.0,1.0,0.0
1916,7,8.0,1.0,0.0
1916,8,7.0,1.0,0.0
1916,9,6.0,1.0,0.0
1916,10,7.0,1.0,0.0
1916,11,4.0,1.0,0.0
1916,12,4.0,1.0,0.0
1916,13,7.0,1.0,0.0
1916,14,7.0,1.0,0.0
1916,15,4.0,1.0,0.0
1916,16,4.0,1.0,0.0
1916,17,6.0,1.0,0.0
1916,18,7.0,1.0,0.0
1916,19,3.0,1.0,0.0
1916,20,4.0,1.0,0.0
1916,21,6.0,1.0,0.0
1916,22,5.0,1.0,0.0
1916,23,7.0,1.0,0.0
1916,24,6.0,1.0,0.0
1916,25,8.0,1.0,0.0
1916,26,7.0,1.0,0.0
1916,27,7.0,1.0,0.0
1916,28,8.0,1.0,0.0
1916,29,6.0,1.0,0.0
1916,30,6.0,1.0,0.0
1916,31,5.0,1.0,0.0
1917,1,5.0,1.0,0.0
1917,2,4.0,1.0,0.0
1917,3,4.0,1.0,0.0
1917,4,6.0,1.0,0.0
1917,5,5.0,1.0,0.0
1917,6,7.0,1.0,0.0
1917,7,7.0,1.0,0.0
1917,8,5.0,1.0,0.0
1917,9,4.0,1.0,0.0
1917,10,5.0,1.0,0.0
1917,11,3.0,1.0,0.0
1917,12,7.0,1.0,0.0
1917,13,8.0,1.0,0.0
1917,14,5.0,1.0,0.0
1917,15,7.0,1.0,0.0
1917,16,6.0,1.0,0.0
1917,17,5.0,1.0,0.0
1917,18,6.0,1.0,0.0
1917,19,5.0,1.0,0.0
1917,20,8.0,1.0,0.0
1917,21,6.0,1.0,0.0
1917,22,10.0,1.0,0.0
1917,23,8.0,1.0,0.0
1917,24,6.0,1.0,0.0
1917,25,10.0,1.0,0.0
1917,26,6.0,1.0,0.0
1917,27,4.0,1.0,0.0
1917,28,4.0,1.0,0.0
1917,29,6.0,1.0,0.0
1917,30,7.0,1.0,0.0
1917,31,3.0,1.0,0.0
1918,1,6.0,1.0,0.0
1918,2,7.0,1.0,0.0
1918,3,6.0,1.0,0.0
1918,4,7.0,1.0,0.0
1918,5,7.0,1.0,0.0
1918,6,7.0,1.0,0.0
1918,7,5.0,1.0,0.0
1918,8,6.0,1.0,0.0
1918,9,4.0,1.0,0.0
1918,10,5.0,1.0,0.0
1918,11,1.0,1.0,
1918,12,3.0,1.0,0.0
1918,13,7.0,1.0,0.0
1918,14,8.0,1.0,0.0
1918,15,9.0,1.0,0.0
1918,16,9.0,1.0,0.0
1918,17,8.0,1.0,0.0
1918,18,4.0,1.0,0.0
1918,19,3.0,1.0,0.0
1918,20,7.0,1.0,0.0
1918,21,7.0,1.0,0.0
1918,22,4.0,1.0,0.0
1918,23,5.0,1.0,0.0
1918,24,4.0,1.0,0.0
1918,25,4.0,1.0,0.0
1918,26,8.0,1.0,0.0
1918,27,4.0,1.0,0.0
1918,28,5.0,1.0,0.0
1918,29,3.0,1.0,0.0
1918,30,7.0,1.0,0.0
1918,31,3.0,1.0,0.0
1919,1,6.0,1.0,0.0
1919,2,4.0,1.0,0.0
1919,3,7.0,1.0,0.0
1919,4,3.0,1.0,0.0
1919,5,6.0,1.0,0.0
1919,6,2.0,1.0,0.0
1919,7,9.0,1.0,0.0
1919,8,4.0,1.0,0.0
1919,9,3.0,1.0,0.0
1919,10,6.0,1.0,0.0
1919,11,5.0,1.0,0.0
1919,12,5.0,1.0,0.0
1919,13,5.0,1.0,0.0
1919,14,6.0,1.0,0.0
1919,15,7.0,1.0,0.0
1919,16,7.0,1.0,0.0
1919,17,2.0,1.0,0.0
1919,18,5.0,1.0,0.0
1919,19,4.0,1.0,0.0
1919,20,5.0,1.0,0.0
1919,21,6.0,1.0,0.0
1919,22,6.0,1.0,0.0
1919,23,2.0,1.0,0.0
1919,24,4.0,1.0,0.0
1919,25,4.0,1.0,0.0
1919,26,4.0,1.0,0.0
1919,27,6.0,1.0,0.0
1919,28,2.0,1.0,0.0
1919,29,3.0,1.0,0.0
1919,30,5.0,1.0,0.0
1919,31,2.0,1.0,0.0
1920,1,7.0,1.0,0.0
1920,2,4.0,1.0,0.0
1920,3,5.0,1.0,0.0
1920,4,4.0,1.0,0.0
1920,5,6.0,1.0,0.0
1920,6,5.0,1.0,0.0
1920,7,8.0,1.0,0.0
1920,8,9.0,1.0,0.0
1920,9,6.0,1.0,0.0
1920,10,5.0,1.0,0.0
1920,11,7.0,1.0,0.0
1920,12,5.0,1.0,0.0
1920,13,6.0,1.0,0.0
1920,14,5.0,1.0,0.0
1920,15,10.0,1.0,0.0
1920,16,6.0,1.0,0.0
1920,17,7.0,1.0,0.0
1920,18,7.0,1.0,0.0
1920,19,8.0,1.0,0.0
1920,20,4.0,1.0,0.0
1920,21,6.0,1.0,0.0
1920,22,5.0,1.0,0.0
1920,23,6.0,1.0,0.0
1920,24,5.0,1.0,0.0
1920,25,5.0,1.0,0.0
1920,26,5.0,1.0,0.0
1920,27,8.0,1.0,0.0
1920,28,5.0,1.0,0.0
1920,29,4.0,1.0,0.0
1920,30,1.0,1.0,
1920,31,2.0,1.0,0.0
1921,1,5.0,1.0,0.0
1921,2,4.0,1.0,0.0
1921,3,4.0,1.0,0.0
1921,4,3.0,1.0,0.0
1921,5,8.0,1.0,0.0
1921,6,6.0,1.0,0.0
1921,7,4.0,1.0,0.0
1921,8,7.0,1.0,0.0
1921,9,7.0,1.0,0.0
1921,10,5.0,1.0,0.0
1921,11,7.0,1.0,0.0
1921,12,6.0,1.0,0.0
1921,13,6.0,1.0,0.0
1921,14,4.0,1.0,0.0
1921,15,6.0,1.0,0.0
1921,16,4.0,1.0,0.0
1921,17,8.0,1.0,0.0
1921,18,4.0,1.0,0.0
1921,19,5.0,1.0,0.0
1921,20,4.0,1.0,0.0
1921,21,7.0,1.0,0.0
1921,22,5.0,1.0,0.0
1921,23,2.0,1.0,0.0
1921,24,5.0,1.0,0.0
1921,25,6.0,1.0,0.0
1921,26,6.0,1.0,0.0
1921,27,4.0,1.0,0.0
1921,28,5.0,1.0,0.0
1921,29,3.0,1.0,0.0
1921,30,6.0,1.0,0.0
1921,31,4.0,1.0,0.0
1922,1,7.0,1.0,0.0
1922,2,6.0,1.0,0.0
1922,3,2.0,1.0,0.0
1922,4,5.0,1.0,0.0
1922,5,4.0,1.0,0.0
1922,6,6.0,1.0,0.0
1922,7,5.0,1.0,0.0
1922,8,7.0,1.0,0.0
1922,9,6.0,1.0,0.0
1922,10,4.0,1.0,0.0
1922,11,5.0,1.0,0.0
1922,12,7.0,1.0,0.0
1922,13,4.0,1.0,0.0
1922,14,2.0,1.0,0.0
1922,15,1.0,1.0,
1922,16,7.0,1.0,0.0
1922,17,3.0,1.0,0.0
1922,18,7.0,1.0,0.0
1922,19,7.0,1.0,0.0
1922,20,5.0,1.0,0.0
1922,21,6.0,1.0,0.0
1922,22,5.0,1.0,0.0
1922,23,5.0,1.0,0.0
1922,24,10.0,1.0,0.0
1922,25,6.0,1.0,0.0
1922,26,6.0,1.0,0.0
1922,27,7.0,1.0,0.0
1922,28,6.0,1.0,0.0
1922,29,4.0,1.0,0.0
1922,30,6.0,1.0,0.0
1922,31,4.0,1.0,0.0
1923,1,7.0,1.0,0.0
1923,2,5.0,1.0,0.0
1923,3,5.0,1.0,0.0
1923,4,2.0,1.0,0.0
1923,5,6.0,1.0,0.0
1923,6,7.0,1.0,0.0
1923,7,5.0,1.0,0.0
1923,8,5.0,1.0,0.0
1923,9,5.0,1.0,0.0
1923,10,6.0,1.0,0.0
1923,11,7.0,1.0,0.0
1923,12,4.0,1.0,0.0
1923,13,8.0,1.0,0.0
1923,14,5.0,1.0,0.0
1923,15,7.0,1.0,0.0
1923,16,6.0,1.0,0.0
1923,17,6.0,1.0,0.0
1923,18,7.0,1.0,0.0
1923,19,5.0,1.0,0.0
1923,20,5.0,1.0,0.0
1923,21,6.0,1.0,0.0
1923,22,1.0,1.0,
1923,23,3.0,1.0,0.0
1923,24,4.0,1.0,0.0
1923,25,7.0,1.0,0.0
1923,26,5.0,1.0,0.0
1923,27,4.0,1.0,0.0
1923,28,6.0,1.0,0.0
1923,29,3.0,1.0,0.0
1923,30,7.0,1.0,0.0
1923,31,4.0,1.0,0.0
1924,1,5.0,1.0,0.0
1924,2,4.0,1.0,0.0
1924,3,7.0,1.0,0.0
1924,4,8.0,1.0,0.0
1924,5,6.0,1.0,0.0
1924,6,10.0,1.0,0.0
1924,7,6.0,1.0,0.0
1924,8,7.0,1.0,0.0
1924,9,7.0,1.0,0.0
1924,10,4.0,1.0,0.0
1924,11,7.0,1.0,0.0
1924,12,6.0,1.0,0.0
1924,13,2.0,1.0,0.0
1924,14,5.0,1.0,0.0
1924,15,8.0,1.0,0.0
1924,16,7.0,1.0,0.0
1924,17,5.0,1.0,0.0
1924,18,3.0,1.0,0.0
1924,19,3.0,1.0,0.0
1924,20,6.0,1.0,0.0
1924,21,8.0,1.0,0.0
1924,22,6.0,1.0,0.0
1924,23,5.0,1.0,0.0
1924,24,8.0,1.0,0.0
1924,25,7.0,1.0,0.0
1924,26,8.0,1.0,0.0
1924,27,8.0,1.0,0.0
1924,28,7.0,1.0,0.0
1924,29,5.0,1.0,0.0
1924,30,4.0,1.0,0.0
1924,31,1.0,1.0,
1925,1,6.0,1.0,0.0
1925,2,4.0,1.0,0.0
1925,3,5.0,1.0,0.0
1925,4,3.0,1.0,0.0
1925,5,6.0,1.0,0.0
1925,6,5.0,1.0,0.0
1925,7,4.0,1.0,0.0
1925,8,6.0,1.0,0.0
1925,9,5.0,1.0,0.0
1925,10,5.0,1.0,0.0
1925,11,5.0,1.0,0.0
1925,12,7.0,1.0,0.0
1925,13,6.0,1.0,0.0
1925,14,4.0,1.0,0.0
1925,15,3.0,1.0,0.0
1925,16,2.0,1.0,0.0
1925,17,6.0,1.0,0.0
1925,18,7.0,1.0,0.0
1925,19,4.0,1.0,0.0
1925,20,5.0,1.0,0.0
1925,21,8.0,1.0,0.0
1925,22,10.0,1.0,0.0
1925,23,9.0,1.0,0.0
1925,24,8.0,1.0,0.0
1925,25,8.0,1.0,0.0
1925,26,2.0,1.0,0.0
1925,27,3.0,1.0,0.0
1925,28,3.0,1.0,0.0
1925,29,5.0,1.0,0.0
1925,30,6.0,1.0,0.0
1925,31,1.0,1.0,
1926,1,6.0,1.0,0.0
1926,2,5.0,1.0,0.0
1926,3,5.0,1.0,0.0
1926,4,7.0,1.0,0.0
1926,5,8.0,1.0,0.0
1926,6,7.0,1.0,0.0
1926,7,5.0,1.0,0.0
1926,8,6.0,1.0,0.0
1926,9,5.0,1.0,0.0
1926,10,4.0,1.0,0.0
1926,11,5.0,1.0,0.0
1926,12,6.0,1.0,0.0
1926,13,6.0,1.0,0.0
1926,14,6.0,1.0,0.0
1926,15,5.0,1.0,0.0
1926,16,4.0,1.0,0.0
1926,17,5.0,1.0,0.0
1926,18,3.0,1.0,0.0
1926,19,2.0,1.0,0.0
1926,20,4.0,1.0,0.0
1926,21,6.0,1.0,0.0
1926,22,5.0,1.0,0.0
1926,23,7.0,1.0,0.0
1926,24,6.0,1.0,0.0
1926,25,3.0,1.0,0.0
1926,26,7.0,1.0,0.0
1926,27,2.0,1.0,0.0
1926,28,4.0,1.0,0.0
1926,29,5.0,1.0,0.0
1926,30,5.0,1.0,0.0
1926,31,3.0,1.0,0.0
1927,1,5.0,1.0,0.0
1927,2,4.0,1.0,0.0
1927,3,5.0,1.0,0.0
1927,4,6.0,1.0,0.0
1927,5,5.0,1.0,0.0
1927,6,7.0,1.0,0.0
1927,7,3.0,1.0,0.0
1927,8,3.0,1.0,0.0
1927,9,4.0,1.0,0.0
1927,10,3.0,1.0,0.0
1927,11,5.0,1.0,0.0
1927,12,6.0,1.0,0.0
1927,13,8.0,1.0,0.0
1927,14,3.0,1.0,0.0
1927,15,4.0,1.0,0.0
1927,16,3.0,1.0,0.0
1927,17,4.0,1.0,0.0
1927,18,5.0,1.0,0.0
1927,19,7.0,1.0,0.0
1927,20,6.0,1.0,0.0
1927,21,4.0,1.0,0.0
1927,22,7.0,1.0,0.0
1927,23,6.0,1.0,0.0
1927,24,4.0,1.0,0.0
1927,25,5.0,1.0,0.0
1927,26,3.0,1.0,0.0
1927,27,5.0,1.0,0.0
1927,28,7.0,1.0,0.0
1927,29,5.0,1.0,0.0
1927,30,2.0,1.0,0.0
1927,31,2.0,1.0,0.0
1928,1,5.0,1.0,0.0
1928,2,7.0,1.0,0.0
1928,3,5.0,1.0,0.0
1928,4,7.0,1.0,0.0
1928,5,7.0,1.0,0.0
1928,6,6.0,1.0,0.0
1928,7,6.0,1.0,0.0
1928,8,4.0,1.0,0.0
1928,9,2.0,1.0,0.0
1928,10,3.0,1.0,0.0
1928,11,4.0,1.0,0.0
1928,12,4.0,1.0,0.0
1928,13,6.0,1.0,0.0
1928,14,6.0,1.0,0.0
1928,15,6.0,1.0,0.0
1928,16,7.0,1.0,0.0
1928,17,4.0,1.0,0.0
1928,18,4.0,1.0,0.0
1928,19,5.0,1.0,0.0
1928,20,6.0,1.0,0.0
1928,21,5.0,1.0,0.0
1928,22,4.0,1.0,0.0
1928,23,7.0,1.0,0.0
1928,24,6.0,1.0,0.0
1928,25,8.0,1.0,0.0
1928,26,7.0,1.0,0.0
1928,27,4.0,1.0,0.0
1928,28,5.0,1.0,0.0
1928,29,4.0,1.0,0.0
1928,30,3.0,1.0,0.0
1928,31,1.0,1.0,
1929,1,5.0,1.0,0.0
1929,2,6.0,1.0,0.0
1929,3,6.0,1.0,0.0
1929,4,8.0,1.0,0.0
1929,5,6.0,1.0,0.0
1929,6,6.0,1.0,0.0
1929,7,6.0,1.0,0.0
1929,8,6.0,1.0,0.0
1929,9,6.0,1.0,0.0
1929,10,4.0,1.0,0.0
1929,11,5.0,1.0,0.0
1929,12,2.0,1.0,0.0
1929,13,4.0,1.0,0.0
1929,14,5.0,1.0,0.0
1929,15,5.0,1.0,0.0
1929,16,5.0,1.0,0.0
1929,17,6.0,1.0,0.0
1929,18,7.0,1.0,0.0
1929,19,6.0,1.0,0.0
1929,20,3.0,1.0,0.0
1929,21,6.0,1.0,0.0
1929,22,9.0,1.0,0.0
1929,23,7.0,1.0,0.0
1929,24,4.0,1.0,0.0
1929,25,7.0,1.0,0.0
1929,26,8.0,1.0,0.0
1929,27,7.0,1.0,0.0
1929,28,7.0,1.0,0.0
1929,29,7.0,1.0,0.0
1929,30,3.0,1.0,0.0
1929,31,3.0,1.0,0.0
1930,1,5.0,1.0,0.0
1930,2,4.0,1.0,0.0
1930,3,5.0,1.0,0.0
1930,4,5.0,1.0,0.0
1930,5,2.0,1.0,0.0
1930,6,3.0,1.0,0.0
1930,7,4.0,1.0,0.0
1930,8,8.0,1.0,0.0
1930,9,6.0,1.0,0.0
1930,10,7.0,1.0,0.0
1930,11,5.0,1.0,0.0
1930,12,6.0,1.0,0.0
1930,13,8.0,1.0,0.0
1930,14,8.0,1.0,0.0
1930,15,6.0,1.0,0.0
1930,16,3.0,1.0,0.0
1930,17,5.0,1.0,0.0
1930,18,6.0,1.0,0.0
1930,19,5.0,1.0,0.0
1930,20,5.0,1.0,0.0
1930,21,6.0,1.0,0.0
1930,22,3.0,1.0,0.0
1930,23,5.0,1.0,0.0
1930,24,7.0,1.0,0.0
1930,25,7.0,1.0,0.0
1930,26,5.0,1.0,0.0
1930,27,6.0,1.0,0.0
1930,28,7.0,1.0,0.0
1930,29,4.0,1.0,0.0
1930,30,2.0,1.0,0.0
1930,31,1.0,1.0,
1931,1,6.0,1.0,0.0
1931,2,5.0,1.0,0.0
1931,3,6.0,1.0,0.0
1931,4,4.0,1.0,0.0
1931,5,3.0,1.0,0.0
1931,6,4.0,1.0,0.0
1931,7,5.0,1.0,0.0
1931,8,6.0,1.0,0.0
1931,9,6.0,1.0,0.0
1931,10,7.0,1.0,0.0
1931,11,4.0,1.0,0.0
1931,12,6.0,1.0,0.0
1931,13,5.0,1.0,0.0
1931,14,7.0,1.0,0.0
1931,15,7.0,1.0,0.0
1931,16,6.0,1.0,0.0
1931,17,6.0,1.0,0.0
1931,18,4.0,1.0,0.0
1931,19,6.0,1.0,0.0
1931,20,7.0,1.0,0.0
1931,21,6.0,1.0,0.0
1931,22,8.0,1.0,0.0
1931,23,8.0,1.0,0.0
1931,24,7.0,1.0,0.0
1931,25,4.0,1.0,0.0
1931,26,5.0,1.0,0.0
1931,27,3.0,1.0,0.0
1931,28,2.0,1.0,0.0
1931,29,5.0,1.0,0.0
1931,30,6.0,1.0,0.0
1931,31,4.0,1.0,0.0
1932,1,8.0,1.0,0.0
1932,2,5.0,1.0,0.0
1932,3,2.0,1.0,0.0
1932,4,7.0,1.0,0.0
1932,5,6.0,1.0,0.0
1932,6,7.0,1.0,0.0
1932,7,6.0,1.0,0.0
1932,8,7.0,1.0,0.0
1932,9,6.0,1.0,0.0
1932,10,5.0,1.0,0.0
1932,11,8.0,1.0,0.0
1932,12,3.0,1.0,0.0
1932,13,7.0,1.0,0.0
1932,14,6.0,1.0,0.0
1932,15,6.0,1.0,0.0
1932,16,8.0,1.0,0.0
1932,17,8.0,1.0,0.0
1932,18,6.0,1.0,0.0
1932,19,5.0,1.0,0.0
1932,20,6.0,1.0,0.0
1932,21,7.0,1.0,0.0
1932,22,10.0,1.0,0.0
1932,23,7.0,1.0,0.0
1932,24,8.0,1.0,0.0
1932,25,7.0,1.0,0.0
1932,26,4.0,1.0,0.0
1932,27,7.0,1.0,0.0
1932,28,5.0,1.0,0.0
1932,29,3.0,1.0,0.0
1932,30,4.0,1.0,0.0
1932,31,2.0,1.0,0.0
1933,1,6.0,1.0,0.0
1933,2,6.0,1.0,0.0
1933,3,5.0,1.0,0.0
1933,4,3.0,1.0,0.0
1933,5,4.0,1.0,0.0
1933,6,3.0,1.0,0.0
1933,7,0.0,,
1933,8,3.0,1.0,0.0
1933,9,5.0,1.0,0.0
1933,10,3.0,1.0,0.0
1933,11,4.0,1.0,0.0
1933,12,4.0,1.0,0.0
1933,13,5.0,1.0,0.0
1933,14,4.0,1.0,0.0
1933,15,5.0,1.0,0.0
1933,16,3.0,1.0,0.0
1933,17,7.0,1.0,0.0
1933,18,5.0,1.0,0.0
1933,19,7.0,1.0,0.0
1933,20,4.0,1.0,0.0
1933,21,5.0,1.0,0.0
1933,22,6.0,1.0,0.0
1933,23,6.0,1.0,0.0
1933,24,5.0,1.0,0.0
1933,25,5.0,1.0,0.0
1933,26,3.0,1.0,0.0
1933,27,2.0,1.0,0.0
1933,28,6.0,1.0,0.0
1933,29,5.0,1.0,0.0
1933,30,8.0,1.0,0.0
1933,31,4.0,1.0,0.0
1934,1,4.0,1.0,0.0
1934,2,5.0,1.0,0.0
1934,3,5.0,1.0,0.0
1934,4,4.0,1.0,0.0
1934,5,5.0,1.0,0.0
1934,6,7.0,1.0,0.0
1934,7,6.0,1.0,0.0
1934,8,7.0,1.0,0.0
1934,9,6.0,1.0,0.0
1934,10,4.0,1.0,0.0
1934,11,6.0,1.0,0.0
1934,12,5.0,1.0,0.0
1934,13,3.0,1.0,0.0
1934,14,3.0,1.0,0.0
1934,15,6.0,1.0,0.0
1934,16,8.0,1.0,0.0
1934,17,6.0,1.0,0.0
1934,18,7.0,1.0,0.0
1934,19,8.0,1.0,0.0
1934,20,5.0,1.0,0.0
1934,21,6.0,1.0,0.0
1934,22,6.0,1.0,0.0
1934,23,3.0,1.0,0.0
1934,24,6.0,1.0,0.0
1934,25,5.0,1.0,0.0
1934,26,8.0,1.0,0.0
1934,27,7.0,1.0,0.0
1934,28,3.0,1.0,0.0
1934,29,6.0,1.0,0.0
1934,30,6.0,1.0,0.0
1934,31,4.0,1.0,0.0
1935,1,5.0,1.0,0.0
1935,2,8.0,1.0,0.0
1935,3,6.0,1.0,0.0
1935,4,7.0,1.0,0.0
1935,5,6.0,1.0,0.0
1935,6,5.0,1.0,0.0
1935,7,6.0,1.0,0.0
1935,8,3.0,1.0,0.0
1935,9,7.0,1.0,0.0
1935,10,6.0,1.0,0.0
1935,11,6.0,1.0,0.0
1935,12,8.0,1.0,0.0
1935,13,10.0,1.0,0.0
1935,14,9.0,1.0,0.0
1935,15,6.0,1.0,0.0
1935,16,8.0,1.0,0.0
1935,17,8.0,1.0,0.0
1935,18,6.0,1.0,0.0
1935,19,5.0,1.0,0.0
1935,20,6.0,1.0,0.0
1935,21,9.0,1.0,0.0
1935,22,6.0,1.0,0.0
1935,23,5.0,1.0,0.0
1935,24,3.0,1.0,0.0
1935,25,5.0,1.0,0.0
1935,26,5.0,1.0,0.0
1935,27,4.0,1.0,0.0
1935,28,6.0,1.0,0.0
1935,29,6.0,1.0,0.0
1935,30,5.0,1.0,0.0
1935,31,2.0,1.0,0.0
1936,1,7.0,1.0,0.0
1936,2,7.0,1.0,0.0
1936,3,5.0,1.0,0.0
1936,4,7.0,1.0,0.0
1936,5,5.0,1.0,0.0
1936,6,4.0,1.0,0.0
1936,7,3.0,1.0,0.0
1936,8,6.0,1.0,0.0
1936,9,8.0,1.0,0.0
1936,10,7.0,1.0,0.0
1936,11,7.0,1.0,0.0
1936,12,7.0,1.0,0.0
1936,13,4.0,1.0,0.0
1936,14,4.0,1.0,0.0
1936,15,8.0,1.0,0.0
1936,16,9.0,1.0,0.0
1936,17,8.0,1.0,0.0
1936,18,7.0,1.0,0.0
1936,19,7.0,1.0,0.0
1936,20,6.0,1.0,0.0
1936,21,6.0,1.0,0.0
1936,22,3.0,1.0,0.0
1936,23,7.0,1.0,0.0
1936,24,5.0,1.0,0.0
1936,25,6.0,1.0,0.0
1936,26,6.0,1.0,0.0
1936,27,7.0,1.0,0.0
1936,28,6.0,1.0,0.0
1936,29,8.0,1.0,0.0
1936,30,7.0,1.0,0.0
1936,31,4.0,1.0,0.0
1937,1,9.0,1.0,0.0
1937,2,9.0,1.0,0.0
1937,3,7.0,1.0,0.0
1937,4,6.0,1.0,0.0
1937,5,6.0,1.0,0.0
1937,6,5.0,1.0,0.0
1937,7,2.0,1.0,0.0
1937,8,5.0,1.0,0.0
1937,9,5.0,1.0,0.0
1937,10,5.0,1.0,0.0
1937,11,5.0,1.0,0.0
1937,12,5.0,1.0,0.0
1937,13,3.0,1.0,0.0
1937,14,5.0,1.0,0.0
1937,15,5.0,1.0,0.0
1937,16,5.0,1.0,0.0
1937,17,6.0,1.0,0.0
1937,18,6.0,1.0,0.0
1937,19,10.0,1.0,0.0
1937,20,6.0,1.0,0.0
1937,21,6.0,1.0,0.0
1937,22,7.0,1.0,0.0
1937,23,5.0,1.0,0.0
1937,24,2.0,1.0,0.0
1937,25,3.0,1.0,0.0
1937,26,3.0,1.0,0.0
1937,27,6.0,1.0,0.0
1937,28,3.0,1.0,0.0
1937,29,4.0,1.0,0.0
1937,30,4.0,1.0,0.0
1937,31,2.0,1.0,0.0
1938,1,7.0,1.0,0.0
1938,2,7.0,1.0,0.0
1938,3,4.0,1.0,0.0
1938,4,7.0,1.0,0.0
1938,5,5.0,1.0,0.0
1938,6,4.0,1.0,0.0
1938,7,4.0,1.0,0.0
1938,8,4.0,1.0,0.0
1938,9,4.0,1.0,0.0
1938,10,6.0,1.0,0.0
1938,11,1.0,1.0,
1938,12,3.0,1.0,0.0
1938,13,5.0,1.0,0.0
1938,14,3.0,1.0,0.0
1938,15,5.0,1.0,0.0
1938,16,5.0,1.0,0.0
1938,17,4.0,1.0,0.0
1938,18,3.0,1.0,0.0
1938,19,3.0,1.0,0.0
1938,20,3.0,1.0,0.0
1938,21,2.0,1.0,0.0
1938,22,3.0,1.0,0.0
1938,23,4.0,1.0,0.0
1938,24,5.0,1.0,0.0
1938,25,5.0,1.0,0.0
1938,26,5.0,1.0,0.0
1938,27,7.0,1.0,0.0
1938,28,5.0,1.0,0.0
1938,29,5.0,1.0,0.0
1938,30,5.0,1.0,0.0
1938,31,3.0,1.0,0.0
1939,1,5.0,1.0,0.0
1939,2,7.0,1.0,0.0
1939,3,6.0,1.0,0.0
1939,4,8.0,1.0,0.0
1939,5,7.0,1.0,0.0
1939,6,6.0,1.0,0.0
1939,7,6.0,1.0,0.0
1939,8,8.0,1.0,0.0
1939,9,8.0,1.0,0.0
1939,10,5.0,1.0,0.0
1939,11,7.0,1.0,0.0
1939,12,4.0,1.0,0.0
1939,13,7.0,1.0,0.0
1939,14,4.0,1.0,0.0
1939,15,3.0,1.0,0.0
1939,16,6.0,1.0,0.0
1939,17,8.0,1.0,0.0
1939,18,5.0,1.0,0.0
1939,19,5.0,1.0,0.0
1939,20,3.0,1.0,0.0
1939,21,6.0,1.0,0.0
1939,22,4.0,1.0,0.0
1939,23,7.0,1.0,0.0
1939,24,6.0,1.0,0.0
1939,25,5.0,1.0,0.0
1939,26,8.0,1.0,0.0
1939,27,7.0,1.0,0.0
1939,28,4.0,1.0,0.0
1939,29,4.0,1.0,0.0
1939,30,4.0,1.0,0.0
1939,31,4.0,1.0,0.0
1940,1,3.0,1.0,0.0
1940,2,5.0,1.0,0.0
1940,3,2.0,1.0,0.0
1940,4,3.0,1.0,0.0
1940,5,3.0,1.0,0.0
1940,6,6.0,1.0,0.0
1940,7,4.0,1.0,0.0
1940,8,4.0,1.0,0.0
1940,9,5.0,1.0,0.0
1940,10,3.0,1.0,0.0
1940,11,3.0,1.0,0.0
1940,12,2.0,1.0,0.0
1940,13,5.0,1.0,0.0
1940,14,3.0,1.0,0.0
1940,15,3.0,1.0,0.0
1940,16,7.0,1.0,0.0
1940,17,6.0,1.0,0.0
1940,18,4.0,1.0,0.0
1940,19,2.0,1.0,0.0
1940,20,3.0,1.0,0.0
1940,21,6.0,1.0,0.0
1940,22,5.0,1.0,0.0
1940,23,5.0,1.0,0.0
1940,24,5.0,1.0,0.0
1940,25,5.0,1.0,0.0
1940,26,4.0,1.0,0.0
1940,27,4.0,1.0,0.0
1940,28,5.0,1.0,0.0
1940,29,6.0,1.0,0.0
1940,30,2.0,1.0,0.0
1940,31,3.0,1.0,0.0
1941,1,6.0,1.0,0.0
1941,2,8.0,1.0,0.0
1941,3,6.0,1.0,0.0
1941,4,6.0,1.0,0.0
1941,5,8.0,1.0,0.0
1941,6,5.0,1.0,0.0
1941,7,2.0,1.0,0.0
1941,8,4.0,1.0,0.0
1941,9,6.0,1.0,0.0
1941,10,5.0,1.0,0.0
1941,11,4.0,1.0,0.0
1941,12,4.0,1.0,0.0
1941,13,5.0,1.0,0.0
1941,14,4.0,1.0,0.0
1941,15,4.0,1.0,0.0
1941,16,3.0,1.0,0.0
1941,17,5.0,1.0,0.0
1941,18,5.0,1.0,0.0
1941,19,6.0,1.0,0.0
1941,20,8.0,1.0,0.0
1941,21,6.0,1.0,0.0
1941,22,5.0,1.0,0.0
1941,23,6.0,1.0,0.0
1941,24,8.0,1.0,0.0
1941,25,7.0,1.0,0.0
1941,26,6.0,1.0,0.0
1941,27,5.0,1.0,0.0
1941,28,3.0,1.0,0.0
1941,29,5.0,1.0,0.0
1941,30,4.0,1.0,0.0
1941,31,1.0,1.0,
1942,1,7.0,1.0,0.0
1942,2,4.0,1.0,0.0
1942,3,4.0,1.0,0.0
1942,4,4.0,1.0,0.0
1942,5,7.0,1.0,0.0
1942,6,6.0,1.0,0.0
1942,7,2.0,1.0,0.0
1942,8,5.0,1.0,0.0
1942,9,4.0,1.0,0.0
1942,10,4.0,1.0,0.0
1942,11,2.0,1.0,0.0
1942,12,3.0,1.0,0.0
1942,13,6.0,1.0,0.0
1942,14,5.0,1.0,0.0
1942,15,4.0,1.0,0.0
1942,16,4.0,1.0,0.0
1942,17,3.0,1.0,0.0
1942,18,4.0,1.0,0.0
1942,19,8.0,1.0,0.0
1942,20,8.0,1.0,0.0
1942,21,6.0,1.0,0.0
1942,22,7.0,1.0,0.0
1942,23,6.0,1.0,0.0
1942,24,5.0,1.0,0.0
1942,25,5.0,1.0,0.0
1942,26,3.0,1.0,0.0
1942,27,6.0,1.0,0.0
1942,28,5.0,1.0,0.0
1942,29,5.0,1.0,0.0
1942,30,7.0,1.0,0.0
1942,31,3.0,1.0,0.0
1943,1,5.0,1.0,0.0
1943,2,5.0,1.0,0.0
1943,3,5.0,1.0,0.0
1943,4,8.0,1.0,0.0
1943,5,6.0,1.0,0.0
1943,6,6.0,1.0,0.0
1943,7,6.0,1.0,0.0
1943,8,5.0,1.0,0.0
1943,9,5.0,1.0,0.0
1943,10,5.0,1.0,0.0
1943,11,4.0,1.0,0.0
1943,12,5.0,1.0,0.0
1943,13,5.0,1.0,0.0
1943,14,3.0,1.0,0.0
1943,15,4.0,1.0,0.0
1943,16,4.0,1.0,0.0
1943,17,5.0,1.0,0.0
1943,18,7.0,1.0,0.0
1943,19,4.0,1.0,0.0
1943,20,4.0,1.0,0.0
1943,21,8.0,1.0,0.0
1943,22,5.0,1.0,0.0
1943,23,8.0,1.0,0.0
1943,24,5.0,1.0,0.0
1943,25,2.0,1.0,0.0
1943,26,5.0,1.0,0.0
1943,27,4.0,1.0,0.0
1943,28,3.0,1.0,0.0
1943,29,5.0,1.0,0.0
1943,30,4.0,1.0,0.0
1943,31,1.0,1.0,
1944,1,5.0,1.0,0.0
1944,2,5.0,1.0,0.0
1944,3,4.0,1.0,0.0
1944,4,6.0,1.0,0.0
1944,5,6.0,1.0,0.0
1944,6,4.0,1.0,0.0
1944,7,3.0,1.0,0.0
1944,8,4.0,1.0,0.0
1944,9,7.0,1.0,0.0
1944,10,10.0,1.0,0.0
1944,11,7.0,1.0,0.0
1944,12,5.0,1.0,0.0
1944,13,6.0,1.0,0.0
1944,14,4.0,1.0,0.0
1944,15,6.0,1.0,0.0
1944,16,4.0,1.0,0.0
1944,17,7.0,1.0,0.0
1944,18,4.0,1.0,0.0
1944,19,3.0,1.0,0.0
1944,20,5.0,1.0,0.0
1944,21,6.0,1.0,0.0
1944,22,4.0,1.0,0.0
1944,23,5.0,1.0,0.0
1944,24,4.0,1.0,0.0
1944,25,3.0,1.0,0.0
1944,26,4.0,1.0,0.0
1944,27,3.0,1.0,0.0
1944,28,3.0,1.0,0.0
1944,29,2.0,1.0,0.0
1944,30,3.0,1.0,0.0
1944,31,1.0,1.0,
1945,1,6.0,1.0,0.0
1945,2,6.0,1.0,0.0
1945,3,4.0,1.0,0.0
1945,4,9.0,1.0,0.0
1945,5,7.0,1.0,0.0
1945,6,5.0,1.0,0.0
1945,7,5.0,1.0,0.0
1945,8,4.0,1.0,0.0
1945,9,4.0,1.0,0.0
1945,10,8.0,1.0,0.0
1945,11,7.0,1.0,0.0
1945,12,7.0,1.0,0.0
1945,13,8.0,1.0,0.0
1945,14,5.0,1.0,0.0
1945,15,6.0,1.0,0.0
1945,16,4.0,1.0,0.0
1945,17,6.0,1.0,0.0
1945,18,3.0,1.0,0.0
1945,19,4.0,1.0,0.0
1945,20,4.0,1.0,0.0
1945,21,6.0,1.0,0.0
1945,22,5.0,1.0,0.0
1945,23,6.0,1.0,0.0
1945,24,4.0,1.0,0.0
1945,25,5.0,1.0,0.0
1945,26,4.0,1.0,0.0
1945,27,7.0,1.0,0.0
1945,28,7.0,1.0,0.0
1945,29,2.0,1.0,0.0
1945,30,3.0,1.0,0.0
1945,31,4.0,1.0,0.0
1946,1,8.0,1.0,0.0
1946,2,4.0,1.0,0.0
1946,3,5.0,1.0,0.0
1946,4,5.0,1.0,0.0
1946,5,2.0,1.0,0.0
1946,6,8.0,1.0,0.0
1946,7,6.0,1.0,0.0
1946,8,6.0,1.0,0.0
1946,9,5.0,1.0,0.0
1946,10,4.0,1.0,0.0
1946,11,4.0,1.0,0.0
1946,12,6.0,1.0,0.0
1946,13,5.0,1.0,0.0
1946,14,8.0,1.0,0.0
1946,15,4.0,1.0,0.0
1946,16,5.0,1.0,0.0
1946,17,6.0,1.0,0.0
1946,18,7.0,1.0,0.0
1946,19,7.0,1.0,0.0
1946,20,6.0,1.0,0.0
1946,21,5.0,1.0,0.0
1946,22,4.0,1.0,0.0
1946,23,4.0,1.0,0.0
1946,24,6.0,1.0,0.0
1946,25,8.0,1.0,0.0
1946,26,6.0,1.0,0.0
1946,27,9.0,1.0,0.0
1946,28,7.0,1.0,0.0
1946,29,7.0,1.0,0.0
1946,30,7.0,1.0,0.0
1946,31,3.0,1.0,0.0
1947,1,7.0,1.0,0.0
1947,2,5.0,1.0,0.0
1947,3,7.0,1.0,0.0
1947,4,6.0,1.0,0.0
1947,5,6.0,1.0,0.0
1947,6,8.0,1.0,0.0
1947,7,5.0,1.0,0.0
1947,8,5.0,1.0,0.0
1947,9,7.0,1.0,0.0
1947,10,5.0,1.0,0.0
1947,11,3.0,1.0,0.0
1947,12,5.0,1.0,0.0
1947,13,5.0,1.0,0.0
1947,14,4.0,1.0,0.0
1947,15,4.0,1.0,0.0
1947,16,5.0,1.0,0.0
1947,17,6.0,1.0,0.0
1947,18,6.0,1.0,0.0
1947,19,3.0,1.0,0.0
1947,20,6.0,1.0,0.0
1947,21,5.0,1.0,0.0
1947,22,3.0,1.0,0.0
1947,23,7.0,1.0,0.0
1947,24,8.0,1.0,0.0
1947,25,6.0,1.0,0.0
1947,26,6.0,1.0,0.0
1947,27,3.0,1.0,0.0
1947,28,5.0,1.0,0.0
1947,29,4.0,1.0,0.0
1947,30,6.0,1.0,0.0
1947,31,2.0,1.0,0.0
1948,1,5.0,1.0,0.0
1948,2,5.0,1.0,0.0
1948,3,7.0,1.0,0.0
1948,4,4.0,1.0,0.0
1948,5,4.0,1.0,0.0
1948,6,6.0,1.0,0.0
1948,7,6.0,1.0,0.0
1948,8,5.0,1.0,0.0
1948,9,5.0,1.0,0.0
1948,10,5.0,1.0,0.0
1948,11,3.0,1.0,0.0
1948,12,5.0,1.0,0.0
1948,13,6.0,1.0,0.0
1948,14,5.0,1.0,0.0
1948,15,7.0,1.0,0.0
1948,16,8.0,1.0,0.0
1948,17,7.0,1.0,0.0
1948,18,4.0,1.0,0.0
1948,19,5.0,1.0,0.0
1948,20,4.0,1.0,0.0
1948,21,5.0,1.0,0.0
1948,22,5.0,1.0,0.0
1948,23,6.0,1.0,0.0
1948,24,5.0,1.0,0.0
1948,25,4.0,1.0,0.0
1948,26,4.0,1.0,0.0
1948,27,5.0,1.0,0.0
1948,28,8.0,1.0,0.0
1948,29,4.0,1.0,0.0
1948,30,2.0,1.0,0.0
1948,31,2.0,1.0,0.0
1949,1,7.0,1.0,0.0
1949,2,5.0,1.0,0.0
1949,3,6.0,1.0,0.0
1949,4,6.0,1.0,0.0
1949,5,6.0,1.0,0.0
1949,6,7.0,1.0,0.0
1949,7,4.0,1.0,0.0
1949,8,3.0,1.0,0.0
1949,9,3.0,1.0,0.0
1949,10,7.0,1.0,0.0
1949,11,6.0,1.0,0.0
1949,12,4.0,1.0,0.0
1949,13,4.0,1.0,0.0
1949,14,4.0,1.0,0.0
1949,15,8.0,1.0,0.0
1949,16,4.0,1.0,0.0
1949,17,6.0,1.0,0.0
1949,18,4.0,1.0,0.0
1949,19,7.0,1.0,0.0
1949,20,8.0,1.0,0.0
1949,21,9.0,1.0,0.0
1949,22,8.0,1.0,0.0
1949,23,6.0,1.0,0.0
1949,24,6.0,1.0,0.0
1949,25,6.0,1.0,0.0
1949,26,3.0,1.0,0.0
1949,27,2.0,1.0,0.0
1949,28,4.0,1.0,0.0
1949,29,4.0,1.0,0.0
1949,30,3.0,1.0,0.0
1949,31,5.0,1.0,0.0
1950,1,6.0,1.0,0.0
1950,2,5.0,1.0,0.0
1950,3,8.0,1.0,0.0
1950,4,5.0,1.0,0.0
1950,5,5.0,1.0,0.0
1950,6,3.0,1.0,0.0
1950,7,5.0,1.0,0.0
1950,8,7.0,1.0,0.0
1950,9,3.0,1.0,0.0
1950,10,5.0,1.0,0.0
1950,11,4.0,1.0,0.0
1950,12,3.0,1.0,0.0
1950,13,4.0,1.0,0.0
1950,14,4.0,1.0,0.0
1950,15,7.0,1.0,0.0
1950,16,4.0,1.0,0.0
1950,17,5.0,1.0,0.0
1950,18,4.0,1.0,0.0
1950,19,9.0,1.0,0.0
1950,20,8.0,1.0,0.0
1950,21,5.0,1.0,0.0
1950,22,2.0,1.0,0.0
1950,23,3.0,1.0,0.0
1950,24,5.0,1.0,0.0
1950,25,4.0,1.0,0.0
1950,26,7.0,1.0,0.0
1950,27,3.0,1.0,0.0
1950,28,5.0,1.0,0.0
1950,29,6.0,1.0,0.0
1950,30,5.0,1.0,0.0
1950,31,6.0,1.0,0.0
1951,1,1.0,1.0,
1951,2,2.0,1.0,0.0
1951,3,2.0,1.0,0.0
1951,4,4.0,1.0,0.0
1951,5,6.0,1.0,0.0
1951,6,7.0,1.0,0.0
1951,7,4.0,1.0,0.0
1951,8,6.0,1.0,0.0
1951,9,5.0,1.0,0.0
1951,10,6.0,1.0,0.0
1951,11,6.0,1.0,0.0
1951,12,5.0,1.0,0.0
1951,13,4.0,1.0,0.0
1951,14,6.0,1.0,0.0
1951,15,6.0,1.0,0.0
1951,16,6.0,1.0,0.0
1951,17,3.0,1.0,0.0
1951,18,6.0,1.0,0.0
1951,19,7.0,1.0,0.0
1951,20,7.0,1.0,0.0
1951,21,7.0,1.0,0.0
1951,22,5.0,1.0,0.0
1951,23,8.0,1.0,0.0
1951,24,6.0,1.0,0.0
1951,25,4.0,1.0,0.0
1951,26,6.0,1.0,0.0
1951,27,6.0,1.0,0.0
1951,28,5.0,1.0,0.0
1951,29,4.0,1.0,0.0
1951,30,4.0,1.0,0.0
1951,31,3.0,1.0,0.0
1952,1,9.0,1.0,0.0
1952,2,6.0,1.0,0.0
1952,3,5.0,1.0,0.0
1952,4,5.0,1.0,0.0
1952,5,5.0,1.0,0.0
1952,6,6.0,1.0,0.0
1952,7,5.0,1.0,0.0
1952,8,5.0,1.0,0.0
1952,9,5.0,1.0,0.0
1952,10,5.0,1.0,0.0
1952,11,6.0,1.0,0.0
1952,12,7.0,1.0,0.0
1952,13,3.0,1.0,0.0
1952,14,6.0,1.0,0.0
1952,15,4.0,1.0,0.0
1952,16,6.0,1.0,0.0
1952,17,8.0,1.0,0.0
1952,18,9.0,1.0,0.0
1952,19,6.0,1.0,0.0
1952,20,7.0,1.0,0.0
1952,21,3.0,1.0,0.0
1952,22,8.0,1.0,0.0
1952,23,5.0,1.0,0.0
1952,24,5.0,1.0,0.0
1952,25,5.0,1.0,0.0
1952,26,7.0,1.0,0.0
1952,27,6.0,1.0,0.0
1952,28,5.0,1.0,0.0
1952,29,5.0,1.0,0.0
1952,30,6.0,1.0,0.0
1952,31,4.0,1.0,0.0
1953,1,6.0,1.0,0.0
1953,2,4.0,1.0,0.0
1953,3,3.0,1.0,0.0
1953,4,5.0,1.0,0.0
1953,5,6.0,1.0,0.0
1953,6,7.0,1.0,0.0
1953,7,4.0,1.0,0.0
1953,8,4.0,1.0,0.0
1953,9,7.0,1.0,0.0
1953,10,6.0,1.0,0.0
1953,11,8.0,1.0,0.0
1953,12,4.0,1.0,0.0
1953,13,4.0,1.0,0.0
1953,14,3.0,1.0,0.0
1953,15,5.0,1.0,0.0
1953,16,3.0,1.0,0.0
1953,17,4.0,1.0,0.0
1953,18,6.0,1.0,0.0
1953,19,4.0,1.0,0.0
1953,20,6.0,1.0,0.0
1953,21,6.0,1.0,0.0
1953,22,8.0,1.0,0.0
1953,23,5.0,1.0,0.0
1953,24,4.0,1.0,0.0
1953,25,4.0,1.0,0.0
1953,26,0.0,,
1953,27,5.0,1.0,0.0
1953,28,5.0,1.0,0.0
1953,29,6.0,1.0,0.0
1953,30,4.0,1.0,0.0
1953,31,3.0,1.0,0.0
1954,1,5.0,1.0,0.0
1954,2,8.0,1.0,0.0
1954,3,6.0,1.0,0.0
1954,4,5.0,1.0,0.0
1954,5,3.0,1.0,0.0
1954,6,4.0,1.0,0.0
1954,7,6.0,1.0,0.0
1954,8,5.0,1.0,0.0
1954,9,4.0,1.0,0.0
1954,10,6.0,1.0,0.0
1954,11,5.0,1.0,0.0
1954,12,6.0,1.0,0.0
1954,13,5.0,1.0,0.0
1954,14,2.0,1.0,0.0
1954,15,4.0,1.0,0.0
1954,16,7.0,1.0,0.0
1954,17,4.0,1.0,0.0
1954,18,7.0,1.0,0.0
1954,19,2.0,1.0,0.0
1954,20,4.0,1.0,0.0
1954,21,3.0,1.0,0.0
1954,22,4.0,1.0,0.0
1954,23,4.0,1.0,0.0
1954,24,3.0,1.0,0.0
1954,25,6.0,1.0,0.0
1954,26,4.0,1.0,0.0
1954,27,3.0,1.0,0.0
1954,28,4.0,1.0,0.0
1954,29,4.0,1.0,0.0
1954,30,4.0,1.0,0.0
1954,31,2.0,1.0,0.0
1955,1,4.0,1.0,0.0
1955,2,5.0,1.0,0.0
1955,3,6.0,1.0,0.0
1955,4,4.0,1.0,0.0
1955,5,5.0,1.0,0.0
1955,6,3.0,1.0,0.0
1955,7,4.0,1.0,0.0
1955,8,6.0,1.0,0.0
1955,9,3.0,1.0,0.0
1955,10,5.0,1.0,0.0
1955,11,4.0,1.0,0.0
1955,12,4.0,1.0,0.0
1955,13,6.0,1.0,0.0
1955,14,5.0,1.0,0.0
1955,15,7.0,1.0,0.0
1955,16,6.0,1.0,0.0
1955,17,4.0,1.0,0.0
1955,18,5.0,1.0,0.0
1955,19,7.0,1.0,0.0
1955,20,5.0,1.0,0.0
1955,21,5.0,1.0,0.0
1955,22,4.0,1.0,0.0
1955,23,4.0,1.0,0.0
1955,24,7.0,1.0,0.0
1955,25,9.0,1.0,0.0
1955,26,8.0,1.0,0.0
1955,27,6.0,1.0,0.0
1955,28,5.0,1.0,0.0
1955,29,7.0,1.0,0.0
1955,30,4.0,1.0,0.0
1955,31,3.0,1.0,0.0
1956,1,5.0,1.0,0.0
1956,2,7.0,1.0,0.0
1956,3,7.0,1.0,0.0
1956,4,5.0,1.0,0.0
1956,5,3.0,1.0,0.0
1956,6,5.0,1.0,0.0
1956,7,8.0,1.0,0.0
1956,8,4.0,1.0,0.0
1956,9,4.0,1.0,0.0
1956,10,7.0,1.0,0.0
1956,11,6.0,1.0,0.0
1956,12,10.0,1.0,0.0
1956,13,7.0,1.0,0.0
1956,14,6.0,1.0,0.0
1956,15,4.0,1.0,0.0
1956,16,9.0,1.0,0.0
1956,17,7.0,1.0,0.0
1956,18,8.0,1.0,0.0
1956,19,9.0,1.0,0.0
1956,20,9.0,1.0,0.0
1956,21,6.0,1.0,0.0
1956,22,7.0,1.0,0.0
1956,23,6.0,1.0,0.0
1956,24,4.0,1.0,0.0
1956,25,4.0,1.0,0.0
1956,26,6.0,1.0,0.0
1956,27,6.0,1.0,0.0
1956,28,5.0,1.0,0.0
1956,29,6.0,1.0,0.0
1956,30,5.0,1.0,0.0
1956,31,3.0,1.0,0.0
1957,1,7.0,1.0,0.0
1957,2,5.0,1.0,0.0
1957,3,5.0,1.0,0.0
1957,4,3.0,1.0,0.0
1957,5,2.0,1.0,0.0
1957,6,1.0,1.0,
1957,7,8.0,1.0,0.0
1957,8,7.0,1.0,0.0
1957,9,3.0,1.0,0.0
1957,10,5.0,1.0,0.0
1957,11,6.0,1.0,0.0
1957,12,4.0,1.0,0.0
1957,13,5.0,1.0,0.0
1957,14,4.0,1.0,0.0
1957,15,6.0,1.0,0.0
1957,16,7.0,1.0,0.0
1957,17,6.0,1.0,0.0
1957,18,5.0,1.0,0.0
1957,19,4.0,1.0,0.0
1957,20,4.0,1.0,0.0
1957,21,6.0,1.0,0.0
1957,22,6.0,1.0,0.0
1957,23,7.0,1.0,0.0
1957,24,6.0,1.0,0.0
1957,25,5.0,1.0,0.0
1957,26,4.0,1.0,0.0
1957,27,3.0,1.0,0.0
1957,28,3.0,1.0,0.0
1957,29,3.0,1.0,0.0
1957,30,5.0,1.0,0.0
1957,31,2.0,1.0,0.0
1958,1,4.0,1.0,0.0
1958,2,3.0,1.0,0.0
1958,3,3.0,1.0,0.0
1958,4,4.0,1.0,0.0
1958,5,4.0,1.0,0.0
1958,6,5.0,1.0,0.0
1958,7,7.0,1.0,0.0
1958,8,6.0,1.0,0.0
1958,9,3.0,1.0,0.0
1958,10,3.0,1.0,0.0
1958,11,6.0,1.0,0.0
1958,12,5.0,1.0,0.0
1958,13,7.0,1.0,0.0
1958,14,4.0,1.0,0.0
1958,15,7.0,1.0,0.0
1958,16,7.0,1.0,0.0
1958,17,7.0,1.0,0.0
1958,18,5.0,1.0,0.0
1958,19,5.0,1.0,0.0
1958,20,5.0,1.0,0.0
1958,21,7.0,1.0,0.0
1958,22,6.0,1.0,0.0
1958,23,6.0,1.0,0.0
1958,24,4.0,1.0,0.0
1958,25,5.0,1.0,0.0
1958,26,4.0,1.0,0.0
1958,27,7.0,1.0,0.0
1958,28,6.0,1.0,0.0
1958,29,6.0,1.0,0.0
1958,30,4.0,1.0,0.0
1958,31,2.0,1.0,0.0
1959,1,4.0,1.0,0.0
1959,2,3.0,1.0,0.0
1959,3,2.0,1.0,0.0
1959,4,1.0,1.0,
1959,5,5.0,1.0,0.0
1959,6,5.0,1.0,0.0
1959,7,3.0,1.0,0.0
1959,8,7.0,1.0,0.0
1959,9,7.0,1.0,0.0
1959,10,4.0,1.0,0.0
1959,11,5.0,1.0,0.0
1959,12,4.0,1.0,0.0
1959,13,7.0,1.0,0.0
1959,14,5.0,1.0,0.0
1959,15,5.0,1.0,0.0
1959,16,5.0,1.0,0.0
1959,17,2.0,1.0,0.0
1959,18,2.0,1.0,0.0
1959,19,2.0,1.0,0.0
1959,20,3.0,1.0,0.0
1959,21,5.0,1.0,0.0
1959,22,2.0,1.0,0.0
1959,23,2.0,1.0,0.0
1959,24,1.0,1.0,
1959,25,7.0,1.0,0.0
1959,26,8.0,1.0,0.0
1959,27,7.0,1.0,0.0
1959,28,5.0,1.0,0.0
1959,29,5.0,1.0,0.0
1959,30,5.0,1.0,0.0
1959,31,4.0,1.0,0.0
1960,1,6.0,1.0,0.0
1960,2,4.0,1.0,0.0
1960,3,7.0,1.0,0.0
1960,4,10.0,1.0,0.0
1960,5,5.0,1.0,0.0
1960,6,4.0,1.0,0.0
1960,7,6.0,1.0,0.0
1960,8,6.0,1.0,0.0
1960,9,7.0,1.0,0.0
1960,10,3.0,1.0,0.0
1960,11,4.0,1.0,0.0
1960,12,4.0,1.0,0.0
1960,13,4.0,1.0,0.0
1960,14,7.0,1.0,0.0
1960,15,8.0,1.0,0.0
1960,16,4.0,1.0,0.0
1960,17,8.0,1.0,0.0
1960,18,8.0,1.0,0.0
1960,19,4.0,1.0,0.0
1960,20,3.0,1.0,0.0
1960,21,6.0,1.0,0.0
1960,22,7.0,1.0,0.0
1960,23,8.0,1.0,0.0
1960,24,5.0,1.0,0.0
1960,25,5.0,1.0,0.0
1960,26,4.0,1.0,0.0
1960,27,3.0,1.0,0.0
1960,28,4.0,1.0,0.0
1960,29,4.0,1.0,0.0
1960,30,5.0,1.0,0.0
1960,31,2.0,1.0,0.0
1961,1,5.0,1.0,0.0
1961,2,6.0,1.0,0.0
1961,3,8.0,1.0,0.0
1961,4,6.0,1.0,0.0
1961,5,5.0,1.0,0.0
1961,6,3.0,1.0,0.0
1961,7,5.0,1.0,0.0
1961,8,6.0,1.0,0.0
1961,9,7.0,1.0,0.0
1961,10,3.0,1.0,0.0
1961,11,5.0,1.0,0.0
1961,12,2.0,1.0,0.0
1961,13,1.0,1.0,
1961,14,4.0,1.0,0.0
1961,15,7.0,1.0,0.0
1961,16,5.0,1.0,0.0
1961,17,4.0,1.0,0.0
1961,18,3.0,1.0,0.0
1961,19,3.0,1.0,0.0
1961,20,3.0,1.0,0.0
1961,21,3.0,1.0,0.0
1961,22,3.0,1.0,0.0
1961,23,8.0,1.0,0.0
1961,24,7.0,1.0,0.0
1961,25,4.0,1.0,0.0
1961,26,4.0,1.0,0.0
1961,27,6.0,1.0,0.0
1961,28,2.0,1.0,0.0
1961,29,2.0,1.0,0.0
1961,30,4.0,1.0,0.0
1961,31,2.0,1.0,0.0
1962,1,4.0,1.0,0.0
1962,2,8.0,1.0,0.0
1962,3,5.0,1.0,0.0
1962,4,5.0,1.0,0.0
1962,5,3.0,1.0,0.0
1962,6,3.0,1.0,0.0
1962,7,3.0,1.0,0.0
1962,8,5.0,1.0,0.0
1962,9,5.0,1.0,0.0
1962,10,4.0,1.0,0.0
1962,11,4.0,1.0,0.0
1962,12,2.0,1.0,0.0
1962,13,6.0,1.0,0.0
1962,14,6.0,1.0,0.0
1962,15,3.0,1.0,0.0
1962,16,2.0,1.0,0.0
1962,17,3.0,1.0,0.0
1962,18,4.0,1.0,0.0
1962,19,3.0,1.0,0.0
1962,20,8.0,1.0,0.0
1962,21,7.0,1.0,0.0
1962,22,3.0,1.0,0.0
1962,23,4.0,1.0,0.0
1962,24,7.0,1.0,0.0
1962,25,7.0,1.0,0.0
1962,26,5.0,1.0,0.0
1962,27,4.0,1.0,0.0
1962,28,3.0,1.0,0.0
1962,29,6.0,1.0,0.0
1962,30,5.0,1.0,0.0
1962,31,6.0,1.0,0.0
1963,1,6.0,1.0,0.0
1963,2,10.0,1.0,0.0
1963,3,6.0,1.0,0.0
1963,4,6.0,1.0,0.0
1963,5,5.0,1.0,0.0
1963,6,7.0,1.0,0.0
1963,7,2.0,1.0,0.0
1963,8,4.0,1.0,0.0
1963,9,4.0,1.0,0.0
1963,10,6.0,1.0,0.0
1963,11,4.0,1.0,0.0
1963,12,5.0,1.0,0.0
1963,13,4.0,1.0,0.0
1963,14,6.0,1.0,0.0
1963,15,8.0,1.0,0.0
1963,16,7.0,1.0,0.0
1963,17,4.0,1.0,0.0
1963,18,3.0,1.0,0.0
1963,19,4.0,1.0,0.0
1963,20,3.0,1.0,0.0
1963,21,4.0,1.0,0.0
1963,22,5.0,1.0,0.0
1963,23,6.0,1.0,0.0
1963,24,4.0,1.0,0.0
1963,25,2.0,1.0,0.0
1963,26,6.0,1.0,0.0
1963,27,4.0,1.0,0.0
1963,28,3.0,1.0,0.0
1963,29,6.0,1.0,0.0
1963,30,5.0,1.0,0.0
1963,31,1.0,1.0,
1964,1,7.0,1.0,0.0
1964,2,6.0,1.0,0.0
1964,3,8.0,1.0,0.0
1964,4,6.0,1.0,0.0
1964,5,8.0,1.0,0.0
1964,6,3.0,1.0,0.0
1964,7,4.0,1.0,0.0
1964,8,6.0,1.0,0.0
1964,9,4.0,1.0,0.0
1964,10,4.0,1.0,0.0
1964,11,7.0,1.0,0.0
1964,12,6.0,1.0,0.0
1964,13,4.0,1.0,0.0
1964,14,4.0,1.0,0.0
1964,15,3.0,1.0,0.0
1964,16,6.0,1.0,0.0
1964,17,6.0,1.0,0.0
1964,18,6.0,1.0,0.0
1964,19,5.0,1.0,0.0
1964,20,4.0,1.0,0.0
1964,21,5.0,1.0,0.0
1964,22,7.0,1.0,0.0
1964,23,8.0,1.0,0.0
1964,24,6.0,1.0,0.0
1964,25,6.0,1.0,0.0
1964,26,7.0,1.0,0.0
1964,27,3.0,1.0,0.0
1964,28,5.0,1.0,0.0
1964,29,4.0,1.0,0.0
1964,30,4.0,1.0,0.0
1964,31,4.0,1.0,0.0
1965,1,4.0,1.0,0.0
1965,2,5.0,1.0,0.0
1965,3,3.0,1.0,0.0
1965,4,5.0,1.0,0.0
1965,5,4.0,1.0,0.0
1965,6,4.0,1.0,0.0
1965,7,4.0,1.0,0.0
1965,8,4.0,1.0,0.0
1965,9,5.0,1.0,0.0
1965,10,1.0,1.0,
1965,11,5.0,1.0,0.0
1965,12,7.0,1.0,0.0
1965,13,4.0,1.0,0.0
1965,14,3.0,1.0,0.0
1965,15,2.0,1.0,0.0
1965,16,6.0,1.0,0.0
1965,17,5.0,1.0,0.0
1965,18,5.0,1.0,0.0
1965,19,5.0,1.0,0.0
1965,20,4.0,1.0,0.0
1965,21,4.0,1.0,0.0
1965,22,5.0,1.0,0.0
1965,23,6.0,1.0,0.0
1965,24,5.0,1.0,0.0
1965,25,5.0,1.0,0.0
1965,26,2.0,1.0,0.0
1965,27,3.0,1.0,0.0
1965,28,2.0,1.0,0.0
1965,29,2.0,1.0,0.0
1965,30,2.0,1.0,0.0
1965,31,2.0,1.0,0.0
1966,1,7.0,1.0,0.0
1966,2,5.0,1.0,0.0
1966,3,6.0,1.0,0.0
1966,4,9.0,1.0,0.0
1966,5,6.0,1.0,0.0
1966,6,5.0,1.0,0.0
1966,7,2.0,1.0,0.0
1966,8,4.0,1.0,0.0
1966,9,5.0,1.0,0.0
1966,10,5.0,1.0,0.0
1966,11,2.0,1.0,0.0
1966,12,4.0,1.0,0.0
1966,13,6.0,1.0,0.0
1966,14,6.0,1.0,0.0
1966,15,7.0,1.0,0.0
1966,16,9.0,1.0,0.0
1966,17,4.0,1.0,0.0
1966,18,4.0,1.0,0.0
1966,19,5.0,1.0,0.0
1966,20,7.0,1.0,0.0
1966,21,3.0,1.0,0.0
1966,22,6.0,1.0,0.0
1966,23,4.0,1.0,0.0
1966,24,5.0,1.0,0.0
1966,25,7.0,1.0,0.0
1966,26,4.0,1.0,0.0
1966,27,5.0,1.0,0.0
1966,28,3.0,1.0,0.0
1966,29,4.0,1.0,0.0
1966,30,7.0,1.0,0.0
1966,31,1.0,1.0,
1967,1,3.0,1.0,0.0
1967,2,5.0,1.0,0.0
1967,3,4.0,1.0,0.0
1967,4,2.0,1.0,0.0
1967,5,2.0,1.0,0.0
1967,6,2.0,1.0,0.0
1967,7,3.0,1.0,0.0
1967,8,3.0,1.0,0.0
1967,9,4.0,1.0,0.0
1967,10,6.0,1.0,0.0
1967,11,3.0,1.0,0.0
1967,12,2.0,1.0,0.0
1967,13,4.0,1.0,0.0
1967,14,5.0,1.0,0.0
1967,15,9.0,1.0,0.0
1967,16,4.0,1.0,0.0
1967,17,2.0,1.0,0.0
1967,18,2.0,1.0,0.0
1967,19,3.0,1.0,0.0
1967,20,5.0,1.0,0.0
1967,21,3.0,1.0,0.0
1967,22,5.0,1.0,0.0
1967,23,3.0,1.0,0.0
1967,24,3.0,1.0,0.0
1967,25,4.0,1.0,0.0
1967,26,4.0,1.0,0.0
1967,27,3.0,1.0,0.0
1967,28,2.0,1.0,0.0
1967,29,1.0,1.0,
1967,30,5.0,1.0,0.0
1967,31,3.0,1.0,0.0
1968,1,4.0,1.0,0.0
1968,2,5.0,1.0,0.0
1968,3,5.0,1.0,0.0
1968,4,4.0,1.0,0.0
1968,5,3.0,1.0,0.0
1968,6,2.0,1.0,0.0
1968,7,4.0,1.0,0.0
1968,8,5.0,1.0,0.0
1968,9,5.0,1.0,0.0
1968,10,4.0,1.0,0.0
1968,11,3.0,1.0,0.0
1968,12,5.0,1.0,0.0
1968,13,5.0,1.0,0.0
1968,14,3.0,1.0,0.0
1968,15,5.0,1.0,0.0
1968,16,2.0,1.0,0.0
1968,17,1.0,1.0,
1968,18,2.0,1.0,0.0
1968,19,4.0,1.0,0.0
1968,20,6.0,1.0,0.0
1968,21,10.0,1.0,0.0
1968,22,6.0,1.0,0.0
1968,23,6.0,1.0,0.0
1968,24,8.0,1.0,0.0
1968,25,7.0,1.0,0.0
1968,26,8.0,1.0,0.0
1968,27,5.0,1.0,0.0
1968,28,5.0,1.0,0.0
1968,29,2.0,1.0,0.0
1968,30,5.0,1.0,0.0
1968,31,2.0,1.0,0.0
1969,1,6.0,1.0,0.0
1969,2,4.0,1.0,0.0
1969,3,4.0,1.0,0.0
1969,4,4.0,1.0,0.0
1969,5,4.0,1.0,0.0
1969,6,4.0,1.0,0.0
1969,7,2.0,1.0,0.0
1969,8,5.0,1.0,0.0
1969,9,1.0,1.0,
1969,10,2.0,1.0,0.0
1969,11,4.0,1.0,0.0
1969,12,6.0,1.0,0.0
1969,13,6.0,1.0,0.0
1969,14,5.0,1.0,0.0
1969,15,9.0,1.0,0.0
1969,16,5.0,1.0,0.0
1969,17,4.0,1.0,0.0
1969,18,4.0,1.0,0.0
1969,19,6.0,1.0,0.0
1969,20,4.0,1.0,0.0
1969,21,4.0,1.0,0.0
1969,22,5.0,1.0,0.0
1969,23,6.0,1.0,0.0
1969,24,6.0,1.0,0.0
1969,25,4.0,1.0,0.0
1969,26,3.0,1.0,0.0
1969,27,1.0,1.0,
1969,28,4.0,1.0,0.0
1969,29,3.0,1.0,0.0
1969,30,9.0,1.0,0.0
1969,31,3.0,1.0,0.0
1970,1,3.0,1.0,0.0
1970,2,4.0,1.0,0.0
1970,3,5.0,1.0,0.0
1970,4,6.0,1.0,0.0
1970,5,6.0,1.0,0.0
1970,6,6.0,1.0,0.0
1970,7,3.0,1.0,0.0
1970,8,3.0,1.0,0.0
1970,9,4.0,1.0,0.0
1970,10,6.0,1.0,0.0
1970,11,8.0,1.0,0.0
1970,12,9.0,1.0,0.0
1970,13,6.0,1.0,0.0
1970,14,5.0,1.0,0.0
1970,15,6.0,1.0,0.0
1970,16,5.0,1.0,0.0
1970,17,6.0,1.0,0.0
1970,18,4.0,1.0,0.0
1970,19,4.0,1.0,0.0
1970,20,6.0,1.0,0.0
1970,21,3.0,1.0,0.0
1970,22,7.0,1.0,0.0
1970,23,5.0,1.0,0.0
1970,24,4.0,1.0,0.0
1970,25,4.0,1.0,0.0
1970,26,3.0,1.0,0.0
1970,27,3.0,1.0,0.0
1970,28,4.0,1.0,0.0
1970,29,5.0,1.0,0.0
1970,30,5.0,1.0,0.0
1970,31,5.0,1.0,0.0
1971,1,7.0,1.0,0.0
1971,2,6.0,1.0,0.0
1971,3,5.0,1.0,0.0
1971,4,6.0,1.0,0.0
1971,5,3.0,1.0,0.0
1971,6,3.0,1.0,0.0
1971,7,4.0,1.0,0.0
1971,8,5.0,1.0,0.0
1971,9,2.0,1.0,0.0
1971,10,6.0,1.0,0.0
1971,11,4.0,1.0,0.0
1971,12,1.0,1.0,
1971,13,3.0,1.0,0.0
1971,14,3.0,1.0,0.0
1971,15,7.0,1.0,0.0
1971,16,3.0,1.0,0.0
1971,17,1.0,1.0,
1971,18,5.0,1.0,0.0
1971,19,5.0,1.0,0.0
1971,20,4.0,1.0,0.0
1971,21,5.0,1.0,0.0
1971,22,5.0,1.0,0.0
1971,23,5.0,1.0,0.0
1971,24,6.0,1.0,0.0
1971,25,5.0,1.0,0.0
1971,26,7.0,1.0,0.0
1971,27,9.0,1.0,0.0
1971,28,6.0,1.0,0.0
1971,29,8.0,1.0,0.0
1971,30,9.0,1.0,0.0
1971,31,6.0,1.0,0.0
1972,1,2.0,1.0,0.0
1972,2,4.0,1.0,0.0
1972,3,5.0,1.0,0.0
1972,4,6.0,1.0,0.0
1972,5,4.0,1.0,0.0
1972,6,3.0,1.0,0.0
1972,7,6.0,1.0,0.0
1972,8,2.0,1.0,0.0
1972,9,4.0,1.0,0.0
1972,10,7.0,1.0,0.0
1972,11,5.0,1.0,0.0
1972,12,8.0,1.0,0.0
1972,13,7.0,1.0,0.0
1972,14,5.0,1.0,0.0
1972,15,2.0,1.0,0.0
1972,16,4.0,1.0,0.0
1972,17,2.0,1.0,0.0
1972,18,3.0,1.0,0.0
1972,19,3.0,1.0,0.0
1972,20,7.0,1.0,0.0
1972,21,3.0,1.0,0.0
1972,22,5.0,1.0,0.0
1972,23,4.0,1.0,0.0
1972,24,3.0,1.0,0.0
1972,25,5.0,1.0,0.0
1972,26,3.0,1.0,0.0
1972,27,4.0,1.0,0.0
1972,28,1.0,1.0,
1972,29,3.0,1.0,0.0
1972,30,1.0,1.0,
1972,31,2.0,1.0,0.0
1973,1,4.0,1.0,0.0
1973,2,3.0,1.0,0.0
1973,3,6.0,1.0,0.0
1973,4,5.0,1.0,0.0
1973,5,3.0,1.0,0.0
1973,6,5.0,1.0,0.0
1973,7,6.0,1.0,0.0
1973,8,5.0,1.0,0.0
1973,9,2.0,1.0,0.0
1973,10,4.0,1.0,0.0
1973,11,3.0,1.0,0.0
1973,12,6.0,1.0,0.0
1973,13,4.0,1.0,0.0
1973,14,4.0,1.0,0.0
1973,15,9.0,1.0,0.0
1973,16,5.0,1.0,0.0
1973,17,4.0,1.0,0.0
1973,18,5.0,1.0,0.0
1973,19,8.0,1.0,0.0
1973,20,7.0,1.0,0.0
1973,21,8.0,1.0,0.0
1973,22,6.0,1.0,0.0
1973,23,2.0,1.0,0.0
1973,24,4.0,1.0,0.0
1973,25,2.0,1.0,0.0
1973,26,6.0,1.0,0.0
1973,27,5.0,1.0,0.0
1973,28,7.0,1.0,0.0
1973,29,5.0,1.0,0.0
1973,30,5.0,1.0,0.0
1973,31,4.0,1.0,0.0
1974,1,6.0,1.0,0.0
1974,2,5.0,1.0,0.0
1974,3,3.0,1.0,0.0
1974,4,6.0,1.0,0.0
1974,5,5.0,1.0,0.0
1974,6,2.0,1.0,0.0
1974,7,6.0,1.0,0.0
1974,8,6.0,1.0,0.0
1974,9,4.0,1.0,0.0
1974,10,7.0,1.0,0.0
1974,11,8.0,1.0,0.0
1974,12,7.0,1.0,0.0
1974,13,5.0,1.0,0.0
1974,14,7.0,1.0,0.0
1974,15,5.0,1.0,0.0
1974,16,7.0,1.0,0.0
1974,17,7.0,1.0,0.0
1974,18,4.0,1.0,0.0
1974,19,4.0,1.0,0.0
1974,20,7.0,1.0,0.0
1974,21,4.0,1.0,0.0
1974,22,5.0,1.0,0.0
1974,23,5.0,1.0,0.0
1974,24,5.0,1.0,0.0
1974,25,5.0,1.0,0.0
1974,26,6.0,1.0,0.0
1974,27,5.0,1.0,0.0
1974,28,7.0,1.0,0.0
1974,29,7.0,1.0,0.0
1974,30,3.0,1.0,0.0
1974,31,3.0,1.0,0.0
1975,1,5.0,1.0,0.0
1975,2,1.0,1.0,
1975,3,6.0,1.0,0.0
1975,4,6.0,1.0,0.0
1975,5,7.0,1.0,0.0
1975,6,8.0,1.0,0.0
1975,7,9.0,1.0,0.0
1975,8,6.0,1.0,0.0
1975,9,4.0,1.0,0.0
1975,10,6.0,1.0,0.0
1975,11,6.0,1.0,0.0
1975,12,7.0,1.0,0.0
1975,13,7.0,1.0,0.0
1975,14,7.0,1.0,0.0
1975,15,7.0,1.0,0.0
1975,16,5.0,1.0,0.0
1975,17,3.0,1.0,0.0
1975,18,5.0,1.0,0.0
1975,19,6.0,1.0,0.0
1975,20,7.0,1.0,0.0
1975,21,6.0,1.0,0.0
1975,22,2.0,1.0,0.0
1975,23,4.0,1.0,0.0
1975,24,6.0,1.0,0.0
1975,25,5.0,1.0,0.0
1975,26,6.0,1.0,0.0
1975,27,5.0,1.0,0.0
1975,28,6.0,1.0,0.0
1975,29,4.0,1.0,0.0
1975,30,5.0,1.0,0.0
1975,31,3.0,1.0,0.0
1976,1,6.0,1.0,0.0
1976,2,5.0,1.0,0.0
1976,3,4.0,1.0,0.0
1976,4,8.0,1.0,0.0
1976,5,5.0,1.0,0.0
1976,6,6.0,1.0,0.0
1976,7,7.0,1.0,0.0
1976,8,6.0,1.0,0.0
1976,9,5.0,1.0,0.0
1976,10,5.0,1.0,0.0
1976,11,5.0,1.0,0.0
1976,12,5.0,1.0,0.0
1976,13,3.0,1.0,0.0
1976,14,5.0,1.0,0.0
1976,15,6.0,1.0,0.0
1976,16,5.0,1.0,0.0
1976,17,6.0,1.0,0.0
1976,18,4.0,1.0,0.0
1976,19,5.0,1.0,0.0
1976,20,3.0,1.0,0.0
1976,21,3.0,1.0,0.0
1976,22,5.0,1.0,0.0
1976,23,5.0,1.0,0.0
1976,24,6.0,1.0,0.0
1976,25,3.0,1.0,0.0
1976,26,4.0,1.0,0.0
1976,27,2.0,1.0,0.0
1976,28,2.0,1.0,0.0
1976,29,3.0,1.0,0.0
1976,30,5.0,1.0,0.0
1976,31,0.0,,
1977,1,7.0,1.0,0.0
1977,2,6.0,1.0,0.0
1977,3,4.0,1.0,0.0
1977,4,2.0,1.0,0.0
1977,5,5.0,1.0,0.0
1977,6,6.0,1.0,0.0
1977,7,2.0,1.0,0.0
1977,8,3.0,1.0,0.0
1977,9,4.0,1.0,0.0
1977,10,4.0,1.0,0.0
1977,11,4.0,1.0,0.0
1977,12,7.0,1.0,0.0
1977,13,4.0,1.0,0.0
1977,14,5.0,1.0,0.0
1977,15,5.0,1.0,0.0
1977,16,6.0,1.0,0.0
1977,17,4.0,1.0,0.0
1977,18,6.0,1.0,0.0
1977,19,3.0,1.0,0.0
1977,20,2.0,1.0,0.0
1977,21,2.0,1.0,0.0
1977,22,3.0,1.0,0.0
1977,23,3.0,1.0,0.0
1977,24,3.0,1.0,0.0
1977,25,6.0,1.0,0.0
1977,26,6.0,1.0,0.0
1977,27,5.0,1.0,0.0
1977,28,6.0,1.0,0.0
1977,29,7.0,1.0,0.0
1977,30,4.0,1.0,0.0
1977,31,3.0,1.0,0.0
1978,1,1.0,1.0,
1978,2,3.0,1.0,0.0
1978,3,3.0,1.0,0.0
1978,4,5.0,1.0,0.0
1978,5,5.0,1.0,0.0
1978,6,8.0,1.0,0.0
1978,7,7.0,1.0,0.0
1978,8,5.0,1.0,0.0
1978,9,6.0,1.0,0.0
1978,10,6.0,1.0,0.0
1978,11,3.0,1.0,0.0
1978,12,8.0,1.0,0.0
1978,13,8.0,1.0,0.0
1978,14,6.0,1.0,0.0
1978,15,3.0,1.0,0.0
1978,16,3.0,1.0,0.0
1978,17,5.0,1.0,0.0
1978,18,7.0,1.0,0.0
1978,19,4.0,1.0,0.0
1978,20,4.0,1.0,0.0
1978,21,4.0,1.0,0.0
1978,22,3.0,1.0,0.0
1978,23,6.0,1.0,0.0
1978,24,3.0,1.0,0.0
1978,25,4.0,1.0,0.0
1978,26,5.0,1.0,0.0
1978,27,6.0,1.0,0.0
1978,28,5.0,1.0,0.0
1978,29,4.0,1.0,0.0
1978,30,5.0,1.0,0.0
1978,31,3.0,1.0,0.0
1979,1,5.0,1.0,0.0
1979,2,1.0,1.0,
1979,3,5.0,1.0,0.0
1979,4,8.0,1.0,0.0
1979,5,4.0,1.0,0.0
1979,6,5.0,1.0,0.0
1979,7,3.0,1.0,0.0
1979,8,6.0,1.0,0.0
1979,9,2.0,1.0,0.0
1979,10,8.0,1.0,0.0
1979,11,8.0,1.0,0.0
1979,12,5.0,1.0,0.0
1979,13,9.0,1.0,0.0
1979,14,5.0,1.0,0.0
1979,15,5.0,1.0,0.0
1979,16,4.0,1.0,0.0
1979,17,8.0,1.0,0.0
1979,18,6.0,1.0,0.0
1979,19,4.0,1.0,0.0
1979,20,4.0,1.0,0.0
1979,21,5.0,1.0,0.0
1979,22,3.0,1.0,0.0
1979,23,5.0,1.0,0.0
1979,24,4.0,1.0,0.0
1979,25,3.0,1.0,0.0
1979,26,5.0,1.0,0.0
1979,27,7.0,1.0,0.0
1979,28,7.0,1.0,0.0
1979,29,3.0,1.0,0.0
1979,30,3.0,1.0,0.0
1979,31,3.0,1.0,0.0
1980,1,5.0,1.0,0.0
1980,2,7.0,1.0,0.0
1980,3,6.0,1.0,0.0
1980,4,5.0,1.0,0.0
1980,5,4.0,1.0,0.0
1980,6,5.0,1.0,0.0
1980,7,5.0,1.0,0.0
1980,8,6.0,1.0,0.0
1980,9,7.0,1.0,0.0
1980,10,6.0,1.0,0.0
1980,11,2.0,1.0,0.0
1980,12,7.0,1.0,0.0
1980,13,6.0,1.0,0.0
1980,14,6.0,1.0,0.0
1980,15,2.0,1.0,0.0
1980,16,6.0,1.0,0.0
1980,17,5.0,1.0,0.0
1980,18,5.0,1.0,0.0
1980,19,7.0,1.0,0.0
1980,20,6.0,1.0,0.0
1980,21,5.0,1.0,0.0
1980,22,3.0,1.0,0.0
1980,23,2.0,1.0,0.0
1980,24,3.0,1.0,0.0
1980,25,5.0,1.0,0.0
1980,26,1.0,1.0,
1980,27,3.0,1.0,0.0
1980,28,4.0,1.0,0.0
1980,29,3.0,1.0,0.0
1980,30,7.0,1.0,0.0
1980,31,5.0,1.0,0.0
1981,1,3.0,1.0,0.0
1981,2,4.0,1.0,0.0
1981,3,6.0,1.0,0.0
1981,4,8.0,1.0,0.0
1981,5,4.0,1.0,0.0
1981,6,5.0,1.0,0.0
1981,7,2.0,1.0,0.0
1981,8,2.0,1.0,0.0
1981,9,5.0,1.0,0.0
1981,10,6.0,1.0,0.0
1981,11,4.0,1.0,0.0
1981,12,4.0,1.0,0.0
1981,13,7.0,1.0,0.0
1981,14,6.0,1.0,0.0
1981,15,4.0,1.0,0.0
1981,16,4.0,1.0,0.0
1981,17,2.0,1.0,0.0
1981,18,3.0,1.0,0.0
1981,19,4.0,1.0,0.0
1981,20,2.0,1.0,0.0
1981,21,5.0,1.0,0.0
1981,22,4.0,1.0,0.0
1981,23,4.0,1.0,0.0
1981,24,4.0,1.0,0.0
1981,25,6.0,1.0,0.0
1981,26,2.0,1.0,0.0
1981,27,6.0,1.0,0.0
1981,28,8.0,1.0,0.0
1981,29,7.0,1.0,0.0
1981,30,4.0,1.0,0.0
1981,31,3.0,1.0,0.0
1982,1,3.0,1.0,0.0
1982,2,3.0,1.0,0.0
1982,3,3.0,1.0,0.0
1982,4,3.0,1.0,0.0
1982,5,1.0,1.0,
1982,6,3.0,1.0,0.0
1982,7,6.0,1.0,0.0
1982,8,1.0,1.0,
1982,9,4.0,1.0,0.0
1982,10,4.0,1.0,0.0
1982,11,4.0,1.0,0.0
1982,12,2.0,1.0,0.0
1982,13,4.0,1.0,0.0
1982,14,2.0,1.0,0.0
1982,15,3.0,1.0,0.0
1982,16,3.0,1.0,0.0
1982,17,5.0,1.0,0.0
1982,18,3.0,1.0,0.0
1982,19,3.0,1.0,0.0
1982,20,2.0,1.0,0.0
1982,21,4.0,1.0,0.0
1982,22,3.0,1.0,0.0
1982,23,4.0,1.0,0.0
1982,24,3.0,1.0,0.0
1982,25,2.0,1.0,0.0
1982,26,5.0,1.0,0.0
1982,27,2.0,1.0,0.0
1982,28,3.0,1.0,0.0
1982,29,5.0,1.0,0.0
1982,30,5.0,1.0,0.0
1982,31,3.0,1.0,0.0
1983,1,4.0,1.0,0.0
1983,2,5.0,1.0,0.0
1983,3,4.0,1.0,0.0
1983,4,4.0,1.0,0.0
1983,5,6.0,1.0,0.0
1983,6,4.0,1.0,0.0
1983,7,3.0,1.0,0.0
1983,8,4.0,1.0,0.0
1983,9,6.0,1.0,0.0
1983,10,5.0,1.0,0.0
1983,11,5.0,1.0,0.0
1983,12,5.0,1.0,0.0
1983,13,7.0,1.0,0.0
1983,14,4.0,1.0,0.0
1983,15,7.0,1.0,0.0
1983,16,5.0,1.0,0.0
1983,17,7.0,1.0,0.0
1983,18,5.0,1.0,0.0
1983,19,2.0,1.0,0.0
1983,20,2.0,1.0,0.0
1983,21,5.0,1.0,0.0
1983,22,2.0,1.0,0.0
1983,23,5.0,1.0,0.0
1983,24,6.0,1.0,0.0
1983,25,5.0,1.0,0.0
1983,26,4.0,1.0,0.0
1983,27,5.0,1.0,0.0
1983,28,6.0,1.0,0.0
1983,29,5.0,1.0,0.0
1983,30,5.0,1.0,0.0
1983,31,2.0,1.0,0.0
1984,1,6.0,1.0,0.0
1984,2,6.0,1.0,0.0
1984,3,5.0,1.0,0.0
1984,4,7.0,1.0,0.0
1984,5,4.0,1.0,0.0
1984,6,2.0,1.0,0.0
1984,7,3.0,1.0,0.0
1984,8,3.0,1.0,0.0
1984,9,1.0,1.0,
1984,10,2.0,1.0,0.0
1984,11,4.0,1.0,0.0
1984,12,5.0,1.0,0.0
1984,13,4.0,1.0,0.0
1984,14,5.0,1.0,0.0
1984,15,5.0,1.0,0.0
1984,16,5.0,1.0,0.0
1984,17,5.0,1.0,0.0
1984,18,5.0,1.0,0.0
1984,19,6.0,1.0,0.0
1984,20,7.0,1.0,0.0
1984,21,6.0,1.0,0.0
1984,22,4.0,1.0,0.0
1984,23,6.0,1.0,0.0
1984,24,6.0,1.0,0.0
1984,25,6.0,1.0,0.0
1984,26,4.0,1.0,0.0
1984,27,4.0,1.0,0.0
1984,28,6.0,1.0,0.0
1984,29,6.0,1.0,0.0
1984,30,3.0,1.0,0.0
1984,31,1.0,1.0,
1985,1,3.0,1.0,0.0
1985,2,5.0,1.0,0.0
1985,3,5.0,1.0,0.0
1985,4,2.0,1.0,0.0
1985,5,5.0,1.0,0.0
1985,6,7.0,1.0,0.0
1985,7,6.0,1.0,0.0
1985,8,4.0,1.0,0.0
1985,9,5.0,1.0,0.0
1985,10,3.0,1.0,0.0
1985,11,5.0,1.0,0.0
1985,12,6.0,1.0,0.0
1985,13,3.0,1.0,0.0
1985,14,0.0,,
1985,15,5.0,1.0,0.0
1985,16,7.0,1.0,0.0
1985,17,7.0,1.0,0.0
1985,18,8.0,1.0,0.0
1985,19,7.0,1.0,0.0
1985,20,7.0,1.0,0.0
1985,21,3.0,1.0,0.0
1985,22,5.0,1.0,0.0
1985,23,6.0,1.0,0.0
1985,24,6.0,1.0,0.0
1985,25,3.0,1.0,0.0
1985,26,6.0,1.0,0.0
1985,27,5.0,1.0,0.0
1985,28,3.0,1.0,0.0
1985,29,5.0,1.0,0.0
1985,30,4.0,1.0,0.0
1985,31,5.0,1.0,0.0
1986,1,5.0,1.0,0.0
1986,2,4.0,1.0,0.0
1986,3,4.0,1.0,0.0
1986,4,2.0,1.0,0.0
1986,5,3.0,1.0,0.0
1986,6,3.0,1.0,0.0
1986,7,4.0,1.0,0.0
1986,8,7.0,1.0,0.0
1986,9,5.0,1.0,0.0
1986,10,6.0,1.0,0.0
1986,11,6.0,1.0,0.0
1986,12,3.0,1.0,0.0
1986,13,2.0,1.0,0.0
1986,14,3.0,1.0,0.0
1986,15,5.0,1.0,0.0
1986,16,7.0,1.0,0.0
1986,17,8.0,1.0,0.0
1986,18,9.0,1.0,0.0
1986,19,9.0,1.0,0.0
1986,20,6.0,1.0,0.0
1986,21,4.0,1.0,0.0
1986,22,4.0,1.0,0.0
1986,23,5.0,1.0,0.0
1986,24,6.0,1.0,0.0
1986,25,4.0,1.0,0.0
1986,26,4.0,1.0,0.0
1986,27,5.0,1.0,0.0
1986,28,2.0,1.0,0.0
1986,29,5.0,1.0,0.0
1986,30,2.0,1.0,0.0
1986,31,4.0,1.0,0.0
1987,1,8.0,1.0,0.0
1987,2,3.0,1.0,0.0
1987,3,5.0,1.0,0.0
1987,4,4.0,1.0,0.0
1987,5,5.0,1.0,0.0
1987,6,3.0,1.0,0.0
1987,7,4.0,1.0,0.0
1987,8,4.0,1.0,0.0
1987,9,6.0,1.0,0.0
1987,10,4.0,1.0,0.0
1987,11,3.0,1.0,0.0
1987,12,1.0,1.0,
1987,13,5.0,1.0,0.0
1987,14,4.0,1.0,0.0
1987,15,5.0,1.0,0.0
1987,16,4.0,1.0,0.0
1987,17,5.0,1.0,0.0
1987,18,2.0,1.0,0.0
1987,19,5.0,1.0,0.0
1987,20,8.0,1.0,0.0
1987,21,3.0,1.0,0.0
1987,22,4.0,1.0,0.0
1987,23,3.0,1.0,0.0
1987,24,4.0,1.0,0.0
1987,25,7.0,1.0,0.0
1987,26,5.0,1.0,0.0
1987,27,4.0,1.0,0.0
1987,28,7.0,1.0,0.0
1987,29,7.0,1.0,0.0
1987,30,6.0,1.0,0.0
1987,31,3.0,1.0,0.0
1988,1,5.0,1.0,0.0
1988,2,3.0,1.0,0.0
1988,3,3.0,1.0,0.0
1988,4,4.0,1.0,0.0
1988,5,4.0,1.0,0.0
1988,6,8.0,1.0,0.0
1988,7,4.0,1.0,0.0
1988,8,6.0,1.0,0.0
1988,9,7.0,1.0,0.0
1988,10,7.0,1.0,0.0
1988,11,6.0,1.0,0.0
1988,12,3.0,1.0,0.0
1988,13,4.0,1.0,0.0
1988,14,2.0,1.0,0.0
1988,15,6.0,1.0,0.0
1988,16,4.0,1.0,0.0
1988,17,4.0,1.0,0.0
1988,18,5.0,1.0,0.0
1988,19,5.0,1.0,0.0
1988,20,4.0,1.0,0.0
1988,21,5.0,1.0,0.0
1988,22,4.0,1.0,0.0
1988,23,6.0,1.0,0.0
1988,24,7.0,1.0,0.0
1988,25,4.0,1.0,0.0
1988,26,4.0,1.0,0.0
1988,27,4.0,1.0,0.0
1988,28,5.0,1.0,0.0
1988,29,4.0,1.0,0.0
1988,30,4.0,1.0,0.0
1988,31,3.0,1.0,0.0
1989,1,7.0,1.0,0.0
1989,2,6.0,1.0,0.0
1989,3,2.0,1.0,0.0
1989,4,6.0,1.0,0.0
1989,5,5.0,1.0,0.0
1989,6,5.0,1.0,0.0
1989,7,6.0,1.0,0.0
1989,8,3.0,1.0,0.0
1989,9,5.0,1.0,0.0
1989,10,10.0,1.0,0.0
1989,11,7.0,1.0,0.0
1989,12,8.0,1.0,0.0
1989,13,6.0,1.0,0.0
1989,14,6.0,1.0,0.0
1989,15,4.0,1.0,0.0
1989,16,6.0,1.0,0.0
1989,17,4.0,1.0,0.0
1989,18,6.0,1.0,0.0
1989,19,5.0,1.0,0.0
1989,20,7.0,1.0,0.0
1989,21,4.0,1.0,0.0
1989,22,5.0,1.0,0.0
1989,23,3.0,1.0,0.0
1989,24,5.0,1.0,0.0
1989,25,4.0,1.0,0.0
1989,26,4.0,1.0,0.0
1989,27,3.0,1.0,0.0
1989,28,5.0,1.0,0.0
1989,29,3.0,1.0,0.0
1989,30,5.0,1.0,0.0
1989,31,5.0,1.0,0.0
1990,1,4.0,1.0,0.0
1990,2,5.0,1.0,0.0
1990,3,6.0,1.0,0.0
1990,4,5.0,1.0,0.0
1990,5,6.0,1.0,0.0
1990,6,4.0,1.0,0.0
1990,7,3.0,1.0,0.0
1990,8,2.0,1.0,0.0
1990,9,4.0,1.0,0.0
1990,10,7.0,1.0,0.0
1990,11,7.0,1.0,0.0
1990,12,4.0,1.0,0.0
1990,13,5.0,1.0,0.0
1990,14,4.0,1.0,0.0
1990,15,4.0,1.0,0.0
1990,16,5.0,1.0,0.0
1990,17,6.0,1.0,0.0
1990,18,8.0,1.0,0.0
1990,19,6.0,1.0,0.0
1990,20,5.0,1.0,0.0
1990,21,4.0,1.0,0.0
1990,22,5.0,1.0,0.0
1990,23,6.0,1.0,0.0
1990,24,8.0,1.0,0.0
1990,25,5.0,1.0,0.0
1990,26,6.0,1.0,0.0
1990,27,3.0,1.0,0.0
1990,28,5.0,1.0,0.0
1990,29,3.0,1.0,0.0
1990,30,3.0,1.0,0.0
1990,31,4.0,1.0,0.0
1991,1,7.0,1.0,0.0
1991,2,7.0,1.0,0.0
1991,3,4.0,1.0,0.0
1991,4,6.0,1.0,0.0
1991,5,4.0,1.0,0.0
1991,6,4.0,1.0,0.0
1991,7,4.0,1.0,0.0
1991,8,8.0,1.0,0.0
1991,9,6.0,1.0,0.0
1991,10,7.0,1.0,0.0
1991,11,6.0,1.0,0.0
1991,12,6.0,1.0,0.0
1991,13,4.0,1.0,0.0
1991,14,3.0,1.0,0.0
1991,15,3.0,1.0,0.0
1991,16,8.0,1.0,0.0
1991,17,6.0,1.0,0.0
1991,18,4.0,1.0,0.0
1991,19,3.0,1.0,0.0
1991,20,6.0,1.0,0.0
1991,21,5.0,1.0,0.0
1991,22,9.0,1.0,0.0
1991,23,4.0,1.0,0.0
1991,24,5.0,1.0,0.0
1991,25,4.0,1.0,0.0
1991,26,7.0,1.0,0.0
1991,27,5.0,1.0,0.0
1991,28,5.0,1.0,0.0
1991,29,3.0,1.0,0.0
1991,30,4.0,1.0,0.0
1991,31,3.0,1.0,0.0
1992,1,6.0,1.0,0.0
1992,2,5.0,1.0,0.0
1992,3,7.0,1.0,0.0
1992,4,6.0,1.0,0.0
1992,5,6.0,1.0,0.0
1992,6,8.0,1.0,0.0
1992,7,7.0,1.0,0.0
1992,8,6.0,1.0,0.0
1992,9,6.0,1.0,0.0
1992,10,6.0,1.0,0.0
1992,11,6.0,1.0,0.0
1992,12,7.0,1.0,0.0
1992,13,7.0,1.0,0.0
1992,14,6.0,1.0,0.0
1992,15,4.0,1.0,0.0
1992,16,6.0,1.0,0.0
1992,17,4.0,1.0,0.0
1992,18,5.0,1.0,0.0
1992,19,7.0,1.0,0.0
1992,20,9.0,1.0,0.0
1992,21,1.0,1.0,
1992,22,4.0,1.0,0.0
1992,23,5.0,1.0,0.0
1992,24,5.0,1.0,0.0
1992,25,6.0,1.0,0.0
1992,26,6.0,1.0,0.0
1992,27,5.0,1.0,0.0
1992,28,8.0,1.0,0.0
1992,29,5.0,1.0,0.0
1992,30,5.0,1.0,0.0
1992,31,3.0,1.0,0.0
1993,1,6.0,1.0,0.0
1993,2,8.0,1.0,0.0
1993,3,8.0,1.0,0.0
1993,4,8.0,1.0,0.0
1993,5,5.0,1.0,0.0
1993,6,3.0,1.0,0.0
1993,7,6.0,1.0,0.0
1993,8,9.0,1.0,0.0
1993,9,5.0,1.0,0.0
1993,10,6.0,1.0,0.0
1993,11,6.0,1.0,0.0
1993,12,4.0,1.0,0.0
1993,13,3.0,1.0,0.0
1993,14,5.0,1.0,0.0
1993,15,5.0,1.0,0.0
1993,16,6.0,1.0,0.0
1993,17,3.0,1.0,0.0
1993,18,3.0,1.0,0.0
1993,19,4.0,1.0,0.0
1993,20,5.0,1.0,0.0
1993,21,5.0,1.0,0.0
1993,22,7.0,1.0,0.0
1993,23,7.0,1.0,0.0
1993,24,5.0,1.0,0.0
1993,25,5.0,1.0,0.0
1993,26,5.0,1.0,0.0
1993,27,5.0,1.0,0.0
1993,28,5.0,1.0,0.0
1993,29,4.0,1.0,0.0
1993,30,5.0,1.0,0.0
1993,31,3.0,1.0,0.0
1994,1,4.0,1.0,0.0
1994,2,4.0,1.0,0.0
1994,3,3.0,1.0,0.0
1994,4,5.0,1.0,0.0
1994,5,4.0,1.0,0.0
1994,6,5.0,1.0,0.0
1994,7,7.0,1.0,0.0
1994,8,7.0,1.0,0.0
1994,9,4.0,1.0,0.0
1994,10,5.0,1.0,0.0
1994,11,4.0,1.0,0.0
1994,12,4.0,1.0,0.0
1994,13,4.0,1.0,0.0
1994,14,4.0,1.0,0.0
1994,15,3.0,1.0,0.0
1994,16,4.0,1.0,0.0
1994,17,4.0,1.0,0.0
1994,18,6.0,1.0,0.0
1994,19,3.0,1.0,0.0
1994,20,5.0,1.0,0.0
1994,21,6.0,1.0,0.0
1994,22,5.0,1.0,0.0
1994,23,1.0,1.0,
1994,24,5.0,1.0,0.0
1994,25,3.0,1.0,0.0
1994,26,6.0,1.0,0.0
1994,27,6.0,1.0,0.0
1994,28,2.0,1.0,0.0
1994,29,4.0,1.0,0.0
1994,30,3.0,1.0,0.0
1994,31,1.0,1.0,
1995,1,11.0,1.0,0.0
1995,2,12.0,1.0,0.0
1995,3,12.0,1.0,0.0
1995,4,11.0,1.0,0.0
1995,5,11.0,1.0,0.0
1995,6,11.0,1.0,0.0
1995,7,11.0,1.0,0.0
1995,8,12.0,1.0,0.0
1995,9,11.0,1.0,0.0
1995,10,11.0,1.0,0.0
1995,11,12.0,1.0,0.0
1995,12,12.0,1.0,0.0
1995,13,12.0,1.0,0.0
1995,14,12.0,1.0,0.0
1995,15,11.0,1.0,0.0
1995,16,11.0,1.0,0.0
1995,17,11.0,1.0,0.0
1995,18,11.0,1.0,0.0
1995,19,12.0,1.0,0.0
1995,20,12.0,1.0,0.0
1995,21,11.0,1.0,0.0
1995,22,12.0,1.0,0.0
1995,23,12.0,1.0,0.0
1995,24,11.0,1.0,0.0
1995,25,11.0,1.0,0.0
1995,26,11.0,1.0,0.0
1995,27,12.0,1.0,0.0
1995,28,11.0,1.0,0.0
1995,29,10.0,1.0,0.0
1995,30,11.0,1.0,0.0
1995,31,6.0,1.0,0.0
1996,1,8.0,1.0,0.0
1996,2,10.0,1.0,0.0
1996,3,8.0,1.0,0.0
1996,4,9.0,1.0,0.0
1996,5,9.0,1.0,0.0
1996,6,8.0,1.0,0.0
1996,7,10.0,1.0,0.0
1996,8,7.0,1.0,0.0
1996,9,7.0,1.0,0.0
1996,10,8.0,1.0,0.0
1996,11,6.0,1.0,0.0
1996,12,8.0,1.0,0.0
1996,13,7.0,1.0,0.0
1996,14,8.0,1.0,0.0
1996,15,6.0,1.0,0.0
1996,16,6.0,1.0,0.0
1996,17,8.0,1.0,0.0
1996,18,9.0,1.0,0.0
1996,19,9.0,1.0,0.0
1996,20,12.0,1.0,0.0
1996,21,7.0,1.0,0.0
1996,22,6.0,1.0,0.0
1996,23,9.0,1.0,0.0
1996,24,6.0,1.0,0.0
1996,25,9.0,1.0,0.0
1996,26,7.0,1.0,0.0
1996,27,7.0,1.0,0.0
1996,28,8.0,1.0,0.0
1996,29,7.0,1.0,0.0
1996,30,8.0,1.0,0.0
1996,31,3.0,1.0,0.0
1997,1,2.0,1.0,0.0
1997,2,2.0,1.0,0.0
1997,3,5.0,1.0,0.0
1997,4,3.0,1.0,0.0
1997,5,2.0,1.0,0.0
1997,6,3.0,1.0,0.0
1997,7,4.0,1.0,0.0
1997,8,5.0,1.0,0.0
1997,9,7.0,1.0,0.0
1997,10,5.0,1.0,0.0
1997,11,4.0,1.0,0.0
1997,12,3.0,1.0,0.0
1997,13,3.0,1.0,0.0
1997,14,6.0,1.0,0.0
1997,15,4.0,1.0,0.0
1997,16,4.0,1.0,0.0
1997,17,5.0,1.0,0.0
1997,18,3.0,1.0,0.0
1997,19,2.0,1.0,0.0
1997,20,2.0,1.0,0.0
1997,21,3.0,1.0,0.0
1997,22,5.0,1.0,0.0
1997,23,5.0,1.0,0.0
1997,24,3.0,1.0,0.0
1997,25,2.0,1.0,0.0
1997,26,4.0,1.0,0.0
1997,27,4.0,1.0,0.0
1997,28,5.0,1.0,0.0
1997,29,5.0,1.0,0.0
1997,30,3.0,1.0,0.0
1997,31,4.0,1.0,0.0
1998,1,4.0,1.0,0.0
1998,2,1.0,1.0,
1998,3,4.0,1.0,0.0
1998,4,2.0,1.0,0.0
1998,5,3.0,1.0,0.0
1998,6,4.0,1.0,0.0
1998,7,3.0,1.0,0.0
1998,8,5.0,1.0,0.0
1998,9,2.0,1.0,0.0
1998,10,4.0,1.0,0.0
1998,11,4.0,1.0,0.0
1998,12,7.0,1.0,0.0
1998,13,8.0,1.0,0.0
1998,14,5.0,1.0,0.0
1998,15,6.0,1.0,0.0
1998,16,3.0,1.0,0.0
1998,17,3.0,1.0,0.0
1998,18,1.0,1.0,
1998,19,2.0,1.0,0.0
1998,20,5.0,1.0,0.0
1998,21,3.0,1.0,0.0
1998,22,5.0,1.0,0.0
1998,23,7.0,1.0,0.0
1998,24,5.0,1.0,0.0
1998,25,4.0,1.0,0.0
1998,26,6.0,1.0,0.0
1998,27,6.0,1.0,0.0
1998,28,6.0,1.0,0.0
1998,29,4.0,1.0,0.0
1998,30,3.0,1.0,0.0
1998,31,2.0,1.0,0.0
1999,1,2.0,1.0,0.0
1999,2,1.0,1.0,
1999,3,2.0,1.0,0.0
1999,4,2.0,1.0,0.0
1999,5,2.0,1.0,0.0
1999,6,5.0,1.0,0.0
1999,7,5.0,1.0,0.0
1999,8,4.0,1.0,0.0
1999,9,1.0,1.0,
1999,10,3.0,1.0,0.0
1999,11,3.0,1.0,0.0
1999,12,5.0,1.0,0.0
1999,13,6.0,1.0,0.0
1999,14,7.0,1.0,0.0
1999,15,5.0,1.0,0.0
1999,16,6.0,1.0,0.0
1999,17,3.0,1.0,0.0
1999,18,3.0,1.0,0.0
1999,19,5.0,1.0,0.0
1999,20,3.0,1.0,0.0
1999,21,6.0,1.0,0.0
1999,22,6.0,1.0,0.0
1999,23,4.0,1.0,0.0
1999,24,3.0,1.0,0.0
1999,25,3.0,1.0,0.0
1999,26,4.0,1.0,0.0
1999,27,5.0,1.0,0.0
1999,28,4.0,1.0,0.0
1999,29,5.0,1.0,0.0
1999,30,6.0,1.0,0.0
1999,31,5.0,1.0,0.0
2000,1,8.0,1.0,0.0
2000,2,4.0,1.0,0.0
2000,3,2.0,1.0,0.0
2000,4,6.0,1.0,0.0
2000,5,5.0,1.0,0.0
2000,6,6.0,1.0,0.0
2000,7,3.0,1.0,0.0
2000,8,2.0,1.0,0.0
2000,9,3.0,1.0,0.0
2000,10,6.0,1.0,0.0
2000,11,7.0,1.0,0.0
2000,12,4.0,1.0,0.0
2000,13,2.0,1.0,0.0
2000,14,2.0,1.0,0.0
2000,15,5.0,1.0,0.0
2000,16,6.0,1.0,0.0
2000,17,5.0,1.0,0.0
2000,18,0.0,,
2000,19,2.0,1.0,0.0
2000,20,5.0,1.0,0.0
2000,21,3.0,1.0,0.0
2000,22,6.0,1.0,0.0
2000,23,5.0,1.0,0.0
2000,24,3.0,1.0,0.0
2000,25,5.0,1.0,0.0
2000,26,6.0,1.0,0.0
2000,27,5.0,1.0,0.0
2000,28,6.0,1.0,0.0
2000,29,10.0,1.0,0.0
2000,30,4.0,1.0,0.0
2000,31,2.0,1.0,0.0
2001,1,5.0,1.0,0.0
2001,2,3.0,1.0,0.0
2001,3,3.0,1.0,0.0
2001,4,4.0,1.0,0.0
2001,5,5.0,1.0,0.0
2001,6,5.0,1.0,0.0
2001,7,6.0,1.0,0.0
2001,8,6.0,1.0,0.0
2001,9,6.0,1.0,0.0
2001,10,4.0,1.0,0.0
2001,11,4.0,1.0,0.0
2001,12,5.0,1.0,0.0
2001,13,6.0,1.0,0.0
2001,14,3.0,1.0,0.0
2001,15,3.0,1.0,0.0
2001,16,4.0,1.0,0.0
2001,17,5.0,1.0,0.0
2001,18,8.0,1.0,0.0
2001,19,5.0,1.0,0.0
2001,20,3.0,1.0,0.0
2001,21,4.0,1.0,0.0
2001,22,5.0,1.0,0.0
2001,23,5.0,1.0,0.0
2001,24,7.0,1.0,0.0
2001,25,5.0,1.0,0.0
2001,26,8.0,1.0,0.0
2001,27,6.0,1.0,0.0
2001,28,7.0,1.0,0.0
2001,29,3.0,1.0,0.0
2001,30,3.0,1.0,0.0
2001,31,2.0,1.0,0.0
2002,1,2.0,1.0,0.0
2002,2,3.0,1.0,0.0
2002,3,6.0,1.0,0.0
2002,4,7.0,1.0,0.0
2002,5,4.0,1.0,0.0
2002,6,3.0,1.0,0.0
2002,7,6.0,1.0,0.0
2002,8,4.0,1.0,0.0
2002,9,4.0,1.0,0.0
2002,10,4.0,1.0,0.0
2002,11,2.0,1.0,0.0
2002,12,2.0,1.0,0.0
2002,13,6.0,1.0,0.0
2002,14,6.0,1.0,0.0
2002,15,2.0,1.0,0.0
2002,16,6.0,1.0,0.0
2002,17,3.0,1.0,0.0
2002,18,1.0,1.0,
2002,19,2.0,1.0,0.0
2002,20,5.0,1.0,0.0
2002,21,7.0,1.0,0.0
2002,22,3.0,1.0,0.0
2002,23,5.0,1.0,0.0
2002,24,3.0,1.0,0.0
2002,25,5.0,1.0,0.0
2002,26,6.0,1.0,0.0
2002,27,5.0,1.0,0.0
2002,28,5.0,1.0,0.0
2002,29,6.0,1.0,0.0
2002,30,5.0,1.0,0.0
2002,31,2.0,1.0,0.0
2003,1,8.0,1.0,0.0
2003,2,7.0,1.0,0.0
2003,3,5.0,1.0,0.0
2003,4,1.0,1.0,
2003,5,2.0,1.0,0.0
2003,6,2.0,1.0,0.0
2003,7,3.0,1.0,0.0
2003,8,5.0,1.0,0.0
2003,9,6.0,1.0,0.0
2003,10,4.0,1.0,0.0
2003,11,4.0,1.0,0.0
2003,12,2.0,1.0,0.0
2003,13,2.0,1.0,0.0
2003,14,5.0,1.0,0.0
2003,15,3.0,1.0,0.0
2003,16,7.0,1.0,0.0
2003,17,2.0,1.0,0.0
2003,18,3.0,1.0,0.0
2003,19,5.0,1.0,0.0
2003,20,6.0,1.0,0.0
2003,21,5.0,1.0,0.0
2003,22,7.0,1.0,0.0
2003,23,7.0,1.0,0.0
2003,24,6.0,1.0,0.0
2003,25,4.0,1.0,0.0
2003,26,4.0,1.0,0.0
2003,27,4.0,1.0,0.0
2003,28,4.0,1.0,0.0
2003,29,4.0,1.0,0.0
2003,30,5.0,1.0,0.0
2003,31,3.0,1.0,0.0
2004,1,5.0,1.0,0.0
2004,2,6.0,1.0,0.0
2004,3,3.0,1.0,0.0
2004,4,4.0,1.0,0.0
2004,5,5.0,1.0,0.0
2004,6,4.0,1.0,0.0
2004,7,5.0,1.0,0.0
2004,8,8.0,1.0,0.0
2004,9,6.0,1.0,0.0
2004,10,4.0,1.0,0.0
2004,11,5.0,1.0,0.0
2004,12,5.0,1.0,0.0
2004,13,4.0,1.0,0.0
2004,14,5.0,1.0,0.0
2004,15,7.0,1.0,0.0
2004,16,3.0,1.0,0.0
2004,17,2.0,1.0,0.0
2004,18,4.0,1.0,0.0
2004,19,3.0,1.0,0.0
2004,20,1.0,1.0,
2004,21,2.0,1.0,0.0
2004,22,2.0,1.0,0.0
2004,23,3.0,1.0,0.0
2004,24,2.0,1.0,0.0
2004,25,2.0,1.0,0.0
2004,26,2.0,1.0,0.0
2004,27,6.0,1.0,0.0
2004,28,3.0,1.0,0.0
2004,29,6.0,1.0,0.0
2004,30,4.0,1.0,0.0
2004,31,3.0,1.0,0.0
2005,1,3.0,1.0,0.0
2005,2,2.0,1.0,0.0
2005,3,5.0,1.0,0.0
2005,4,4.0,1.0,0.0
2005,5,3.0,1.0,0.0
2005,6,4.0,1.0,0.0
2005,7,2.0,1.0,0.0
2005,8,6.0,1.0,0.0
2005,9,7.0,1.0,0.0
2005,10,6.0,1.0,0.0
2005,11,6.0,1.0,0.0
2005,12,7.0,1.0,0.0
2005,13,5.0,1.0,0.0
2005,14,4.0,1.0,0.0
2005,15,7.0,1.0,0.0
2005,16,7.0,1.0,0.0
2005,17,2.0,1.0,0.0
2005,18,1.0,1.0,
2005,19,4.0,1.0,0.0
2005,20,4.0,1.0,0.0
2005,21,3.0,1.0,0.0
2005,22,4.0,1.0,0.0
2005,23,4.0,1.0,0.0
2005,24,5.0,1.0,0.0
2005,25,5.0,1.0,0.0
2005,26,5.0,1.0,0.0
2005,27,5.0,1.0,0.0
2005,28,2.0,1.0,0.0
2005,29,4.0,1.0,0.0
2005,30,3.0,1.0,0.0
2005,31,1.0,1.0,
2006,1,3.0,1.0,0.0
2006,2,7.0,1.0,0.0
2006,3,6.0,1.0,0.0
2006,4,2.0,1.0,0.0
2006,5,1.0,1.0,
2006,6,4.0,1.0,0.0
2006,7,3.0,1.0,0.0
2006,8,4.0,1.0,0.0
2006,9,3.0,1.0,0.0
2006,10,3.0,1.0,0.0
2006,11,1.0,1.0,
2006,12,4.0,1.0,0.0
2006,13,5.0,1.0,0.0
2006,14,3.0,1.0,0.0
2006,15,6.0,1.0,0.0
2006,16,5.0,1.0,0.0
2006,17,3.0,1.0,0.0
2006,18,1.0,1.0,
2006,19,3.0,1.0,0.0
2006,20,2.0,1.0,0.0
2006,21,5.0,1.0,0.0
2006,22,4.0,1.0,0.0
2006,23,5.0,1.0,0.0
2006,24,4.0,1.0,0.0
2006,25,6.0,1.0,0.0
2006,26,4.0,1.0,0.0
2006,27,2.0,1.0,0.0
2006,28,2.0,1.0,0.0
2006,29,5.0,1.0,0.0
2006,30,4.0,1.0,0.0
2006,31,2.0,1.0,0.0
2007,1,7.0,1.0,0.0
2007,2,3.0,1.0,0.0
2007,3,4.0,1.0,0.0
2007,4,7.0,1.0,0.0
2007,5,5.0,1.0,0.0
2007,6,6.0,1.0,0.0
2007,7,3.0,1.0,0.0
2007,8,2.0,1.0,0.0
2007,9,0.0,,
2007,10,2.0,1.0,0.0
2007,11,4.0,1.0,0.0
2007,12,5.0,1.0,0.0
2007,13,4.0,1.0,0.0
2007,14,4.0,1.0,0.0
2007,15,4.0,1.0,0.0
2007,16,5.0,1.0,0.0
2007,17,3.0,1.0,0.0
2007,18,6.0,1.0,0.0
2007,19,6.0,1.0,0.0
2007,20,7.0,1.0,0.0
2007,21,6.0,1.0,0.0
2007,22,6.0,1.0,0.0
2007,23,5.0,1.0,0.0
2007,24,2.0,1.0,0.0
2007,25,2.0,1.0,0.0
2007,26,2.0,1.0,0.0
2007,27,3.0,1.0,0.0
2007,28,6.0,1.0,0.0
2007,29,4.0,1.0,0.0
2007,30,5.0,1.0,0.0
2007,31,3.0,1.0,0.0
2008,1,8.0,1.0,0.0
2008,2,4.0,1.0,0.0
2008,3,5.0,1.0,0.0
2008,4,5.0,1.0,0.0
2008,5,2.0,1.0,0.0
2008,6,2.0,1.0,0.0
2008,7,5.0,1.0,0.0
2008,8,7.0,1.0,0.0
2008,9,4.0,1.0,0.0
2008,10,4.0,1.0,0.0
2008,11,4.0,1.0,0.0
2008,12,1.0,1.0,
2008,13,5.0,1.0,0.0
2008,14,5.0,1.0,0.0
2008,15,4.0,1.0,0.0
2008,16,2.0,1.0,0.0
2008,17,3.0,1.0,0.0
2008,18,4.0,1.0,0.0
2008,19,4.0,1.0,0.0
2008,20,8.0,1.0,0.0
2008,21,7.0,1.0,0.0
2008,22,5.0,1.0,0.0
2008,23,6.0,1.0,0.0
2008,24,2.0,1.0,0.0
2008,25,1.0,1.0,
2008,26,1.0,1.0,
2008,27,4.0,1.0,0.0
2008,28,6.0,1.0,0.0
2008,29,5.0,1.0,0.0
2008,30,2.0,1.0,0.0
2008,31,4.0,1.0,0.0
2009,1,5.0,1.0,0.0
2009,2,4.0,1.0,0.0
2009,3,6.0,1.0,0.0
2009,4,5.0,1.0,0.0
2009,5,4.0,1.0,0.0
2009,6,3.0,1.0,0.0
2009,7,7.0,1.0,0.0
2009,8,7.0,1.0,0.0
2009,9,5.0,1.0,0.0
2009,10,1.0,1.0,
2009,11,5.0,1.0,0.0
2009,12,4.0,1.0,0.0
2009,13,4.0,1.0,0.0
2009,14,5.0,1.0,0.0
2009,15,3.0,1.0,0.0
2009,16,3.0,1.0,0.0
2009,17,3.0,1.0,0.0
2009,18,2.0,1.0,0.0
2009,19,1.0,1.0,
2009,20,2.0,1.0,0.0
2009,21,3.0,1.0,0.0
2009,22,4.0,1.0,0.0
2009,23,3.0,1.0,0.0
2009,24,3.0,1.0,0.0
2009,25,6.0,1.0,0.0
2009,26,6.0,1.0,0.0
2009,27,3.0,1.0,0.0
2009,28,4.0,1.0,0.0
2009,29,4.0,1.0,0.0
2009,30,4.0,1.0,0.0
2009,31,2.0,1.0,0.0
2010,1,6.0,1.0,0.0
2010,2,5.0,1.0,0.0
2010,3,4.0,1.0,0.0
2010,4,3.0,1.0,0.0
2010,5,6.0,1.0,0.0
2010,6,6.0,1.0,0.0
2010,7,7.0,1.0,0.0
2010,8,4.0,1.0,0.0
2010,9,3.0,1.0,0.0
2010,10,5.0,1.0,0.0
2010,11,6.0,1.0,0.0
2010,12,4.0,1.0,0.0
2010,13,10.0,1.25,0.7071067811865476
2010,14,5.0,1.0,0.0
2010,15,3.0,1.0,0.0
2010,16,5.0,1.0,0.0
2010,17,3.0,1.0,0.0
2010,18,2.0,1.0,0.0
2010,19,6.0,1.0,0.0
2010,20,6.0,1.5,1.0
2010,21,6.0,1.0,0.0
2010,22,3.0,1.0,0.0
2010,23,2.0,1.0,0.0
2010,24,3.0,1.0,0.0
2010,25,5.0,1.0,0.0
2010,26,5.0,1.0,0.0
2010,27,5.0,1.0,0.0
2010,28,5.0,1.0,0.0
2010,29,6.0,1.0,0.0
2010,30,12.0,1.7142857142857142,1.889822365046136
2010,31,1.0,1.0,
2011,1,3.0,1.0,0.0
2011,2,5.0,1.25,0.5
2011,3,7.0,1.4,0.8944271909999159
2011,4,7.0,1.0,0.0
2011,5,6.0,1.0,0.0
2011,6,4.0,1.0,0.0
2011,7,8.0,1.3333333333333333,0.816496580927726
2011,8,7.0,1.0,0.0
2011,9,7.0,1.0,0.0
2011,10,10.0,1.25,0.7071067811865476
2011,11,9.0,1.0,0.0
2011,12,8.0,1.3333333333333333,0.816496580927726
2011,13,5.0,1.0,0.0
2011,14,10.0,1.25,0.7071067811865476
2011,15,9.0,1.2857142857142858,0.7559289460184545
2011,16,3.0,1.0,0.0
2011,17,6.0,1.5,1.0
2011,18,4.0,1.0,0.0
2011,19,8.0,1.3333333333333333,0.816496580927726
2011,20,6.0,1.0,0.0
2011,21,10.0,1.25,0.7071067811865476
2011,22,5.0,1.0,0.0
2011,23,3.0,1.0,0.0
2011,24,10.0,1.4285714285714286,0.7867957924694432
2011,25,4.0,1.0,0.0
2011,26,4.0,1.0,0.0
2011,27,4.0,1.0,0.0
2011,28,12.0,2.0,1.6733200530681511
2011,29,3.0,1.0,0.0
2011,30,4.0,1.0,0.0
2011,31,5.0,1.6666666666666667,1.1547005383792517
2012,1,3.0,1.0,0.0
2012,2,7.0,1.4,0.5477225575051661
2012,3,7.0,1.4,0.8944271909999159
2012,4,6.0,1.5,1.0
2012,5,6.0,1.5,1.0
2012,6,7.0,2.3333333333333335,1.1547005383792517
2012,7,7.0,1.4,0.8944271909999159
2012,8,4.0,1.0,0.0
2012,9,5.0,1.25,0.5
2012,10,12.0,2.0,1.2649110640673518
2012,11,5.0,1.0,0.0
2012,12,9.0,2.25,1.5
2012,13,10.0,2.0,1.0
2012,14,5.0,1.6666666666666667,1.1547005383792517
2012,15,7.0,1.4,0.8944271909999159
2012,16,10.0,1.6666666666666667,1.0327955589886444
2012,17,9.0,1.8,1.0954451150103321
2012,18,4.0,2.0,1.4142135623730951
2012,19,11.0,1.5714285714285714,0.9759000729485332
2012,20,9.0,1.8,1.0954451150103321
2012,21,6.0,1.5,1.0
2012,22,5.0,1.6666666666666667,1.1547005383792517
2012,23,3.0,3.0,
2012,24,5.0,1.6666666666666667,1.1547005383792517
2012,25,5.0,1.6666666666666667,1.1547005383792517
2012,26,8.0,1.6,0.8944271909999159
2012,27,9.0,1.8,1.0954451150103321
2012,28,6.0,1.5,1.0
2012,29,5.0,1.6666666666666667,1.1547005383792517
2012,30,14.0,2.0,1.2909944487358054
2012,31,3.0,1.0,0.0
2013,1,4.0,1.0,0.0
2013,2,5.0,1.25,0.5
2013,3,5.0,1.6666666666666667,1.1547005383792517
2013,4,9.0,1.8,1.0954451150103321
2013,5,6.0,1.5,1.0
2013,6,5.0,1.6666666666666667,1.1547005383792517
2013,7,6.0,1.5,1.0
2013,8,9.0,1.8,1.0954451150103321
2013,9,9.0,2.25,1.5000000000000002
2013,10,1.0,1.0,
2013,11,15.0,2.142857142857143,1.2149857925879117
2013,12,8.0,1.3333333333333333,0.816496580927726
2013,13,7.0,1.4,0.8944271909999159
2013,14,7.0,1.4,0.8944271909999159
2013,15,10.0,1.6666666666666667,1.0327955589886444
2013,16,6.0,1.5,1.0
2013,17,6.0,1.5,1.0
2013,18,11.0,1.5714285714285714,0.9759000729485332
2013,19,8.0,1.3333333333333333,0.816496580927726
2013,20,6.0,1.5,1.0
2013,21,4.0,1.3333333333333333,0.5773502691896258
2013,22,8.0,1.3333333333333333,0.816496580927726
2013,23,8.0,1.3333333333333333,0.816496580927726
2013,24,3.0,1.0,0.0
2013,25,4.0,2.0,1.4142135623730951
2013,26,8.0,2.0,0.816496580927726
2013,27,9.0,3.0,2.0
2013,28,6.0,1.5,1.0
2013,29,9.0,2.25,1.4999999999999998
2013,30,7.0,1.4,0.8944271909999159
2013,31,5.0,1.6666666666666667,1.1547005383792517
2014,1,5.0,1.0,0.0
2014,2,8.0,1.1428571428571428,0.3779644730092272
2014,3,4.0,1.0,0.0
2014,4,4.0,1.0,0.0
2014,5,9.0,2.25,1.5
2014,6,6.0,1.5,1.0
2014,7,14.0,2.3333333333333335,2.422120283277993
2014,8,6.0,2.0,1.7320508075688772
2014,9,6.0,1.5,1.0
2014,10,11.0,1.8333333333333333,1.3291601358251257
2014,11,8.0,1.3333333333333333,0.816496580927726
2014,12,6.0,1.5,1.0
2014,13,3.0,1.0,0.0
2014,14,8.0,2.0,1.1547005383792515
2014,15,5.0,2.5,2.1213203435596424
2014,16,6.0,1.5,1.0
2014,17,13.0,1.8571428571428572,1.0690449676496976
2014,18,3.0,1.0,0.0
2014,19,4.0,1.0,0.0
2014,20,5.0,1.6666666666666667,1.1547005383792517
2014,21,6.0,1.5,1.0
2014,22,7.0,2.3333333333333335,2.3094010767585034
2014,23,6.0,1.5,1.0
2014,24,15.0,1.6666666666666667,1.0
2014,25,7.0,1.4,0.8944271909999159
2014,26,9.0,1.5,0.8366600265340756
2014,27,3.0,1.0,0.0
2014,28,8.0,1.6,1.3416407864998738
2014,29,7.0,2.3333333333333335,2.3094010767585034
2014,30,5.0,1.6666666666666667,1.1547005383792517
2014,31,4.0,2.0,1.4142135623730951
2015,1,1.0,1.0,
2015,2,1.0,1.0,
2015,3,1.0,1.0,
2015,4,1.0,1.0,
2015,5,1.0,1.0,
2015,6,1.0,1.0,
